Design Code,Design Name,Image link,Image,ItemCategory,sellingPrice,DesignCategory,Link
BINS0780C08,The Ninetta Mangalsutra Necklace,"https://kinclimg7.bluestone.com/f_jpg,c_scale,w_1024,b_rgb:f0f0f0/giproduct/BINS0780C08_YAA18DIG6XXXXXXXX_ABCD00-PICS-00004-1024-71667.png",,Diamond Studded,"113,390.00",Mangalsutra Chains,https://www.bluestone.com/mangalsutra+chains/the-ninetta-mangalsutra-necklace~97026.html
BIMA0780C53,The Casma Mangalsutra,"https://kinclimg7.bluestone.com/f_jpg,c_scale,w_1024,b_rgb:f0f0f0/giproduct/BIMA0780C53_YAA14DIG6XXXXXXXX_ABCD00-PICS-00004-1024-66299.png",,Diamond Studded,"72,833.00",Mangalsutra Chains,https://www.bluestone.com/mangalsutra+chains/the-casma-mangalsutra~93030.html
BIMA0780C29,The Yosni Mangalsutra,"https://kinclimg1.bluestone.com/f_jpg,c_scale,w_1024,b_rgb:f0f0f0/giproduct/BIMA0780C29_YAA18DIG6XXXXXXXX_ABCD00-PICS-00004-1024-56316.png",,Diamond Studded,"121,258.00",Mangalsutra Chains,https://www.bluestone.com/mangalsutra+chains/the-yosni-mangalsutra~81520.html
BISP0514C09,The Eirini Mangalsutra,"https://kinclimg4.bluestone.com/f_jpg,c_scale,w_1024,b_rgb:f0f0f0/giproduct/BISP0514C09_YAA18DIG6XXXXXXXX_ABCD00-PICS-00004-1024-41809.png",,Diamond Studded,"132,280.00",Mangalsutra Chains,https://www.bluestone.com/mangalsutra+chains/the-eirini-mangalsutra~53179.html
BISP0506C05,The Aarabhi Mangalsutra,"https://kinclimg5.bluestone.com/f_jpg,c_scale,w_1024,b_rgb:f0f0f0/giproduct/BISP0506C05_YAA18DIG6XXXXXXXX_ABCD00-PICS-00004-1024-38027.png",,Diamond Studded,"121,732.00",Mangalsutra Chains,https://www.bluestone.com/mangalsutra+chains/the-aarabhi-mangalsutra~46940.html
BIMA1081C01,The Yeijah Mangaslsutra Necklace,"https://kinclimg1.bluestone.com/f_jpg,c_scale,w_1024,b_rgb:f0f0f0/giproduct/BIMA1081C01_YAA18DIG6XXXXXXXX_ABCD00-PICS-00004-1024-111801.png",,Diamond Studded,"152,901.00",Mangalsutra Chains,https://www.bluestone.com/mangalsutra+chains/the-yeijah-mangaslsutra-necklace~163411.html
BVPJ0935C06,The Shubhlatika Mangalsutra Necklace,"https://kinclimg7.bluestone.com/f_jpg,c_scale,w_1024,b_rgb:f0f0f0/giproduct/BVPJ0935C06_YAA18DIG6XXXXXXXX_ABCD00-PICS-00004-1024-109315.png",,Diamond Studded,"145,155.00",Mangalsutra Chains,https://www.bluestone.com/mangalsutra+chains/the-shubhlatika-mangalsutra-necklace~146084.html
BENS0325O09,The Tarentella Oval Bangle,"https://kinclimg1.bluestone.com/f_jpg,c_scale,w_1024,b_rgb:f0f0f0/giproduct/BENS0325O09_YAA18DIG6XXXXXXXX_ABCD00-PICS-00002-1024-24681.png",,Diamond Studded,"377,776.00",Bangles,https://www.bluestone.com/bangles/the-tarentella-oval-bangle~31547.html
BISM0003O14,The Muricelle Bangle,"https://kinclimg2.bluestone.com/f_jpg,c_scale,w_1024,b_rgb:f0f0f0/giproduct/BISM0003O14_YAA18DIG6XXXXXXXX_ABCD00-PICS-00002-1024-62802.png",,Diamond Studded,"317,405.00",Bangles,https://www.bluestone.com/bangles/the-muricelle-bangle~1001.html
BIPS0003O06,The Channing Bangle,"https://kinclimg7.bluestone.com/f_jpg,c_scale,w_1024,b_rgb:f0f0f0/giproduct/BIPS0003O06_YAA18DIG6XXXXXXXX_ABCD00-PICS-00002-1024-21972.png",,Diamond Studded,"289,871.00",Bangles,https://www.bluestone.com/bangles/the-channing-bangle~975.html
BIDG0393O37,The Estrella Oval Bangle,"https://kinclimg1.bluestone.com/f_jpg,c_scale,w_1024,b_rgb:f0f0f0/giproduct/BIDG0393O37_YAA18DIG6XXXXXXXX_ABCD00-PICS-00002-1024-28014.png",,Diamond Studded,"181,872.00",Bangles,https://www.bluestone.com/bangles/the-estrella-oval-bangle~34771.html
BINK0363B03,The Skein Bangle,"https://kinclimg1.bluestone.com/f_jpg,c_scale,w_1024,b_rgb:f0f0f0/giproduct/BINK0363B03_YAA18DIG6XXXXXXXX_ABCD00-PICS-00002-1024-20291.png",,Diamond Studded,"256,290.00",Bangles,https://www.bluestone.com/bangles/the-skein-bangle~27491.html
BIAV0865V24,The Pervinca Charm Holder Bracelet,"https://kinclimg5.bluestone.com/f_jpg,c_scale,w_1024,b_rgb:f0f0f0/giproduct/BIAV0865V24_YAA14AMETXXXXXXXX_ABCD00-PICS-00000-1024-71416.png",,Gemstone Studded,"18,972.00",Bracelets,https://www.bluestone.com/bracelets/the-pervinca-charm-holder-bracelet~103133.html
BIMG0635V45,The Shining Star Bracelet,"https://kinclimg5.bluestone.com/f_jpg,c_scale,w_1024,b_rgb:f0f0f0/giproduct/BIMG0635V45_YAA18XXXXXXXXXXXX_ABCD00-PICS-00000-1024-47150.png",,Plain Gold,"24,655.00",Bracelets,https://www.bluestone.com/bracelets/the-shining-star-bracelet~63731.html
BIPO0730V39,The Kricia Charm Bracelet,"https://kinclimg1.bluestone.com/f_jpg,c_scale,w_1024,b_rgb:f0f0f0/giproduct/BIPO0730V39_YAA18DIG6SYEMSYBS_ABCD00-PICS-00000-1024-52474.png",,Diamond Studded,"91,240.00",Bracelets,https://www.bluestone.com/bracelets/the-kricia-charm-bracelet~75605.html
BIPO0987V31,The Tapia Chain Bracelet,"https://kinclimg5.bluestone.com/f_jpg,c_scale,w_1024,b_rgb:f0f0f0/giproduct/BIPO0987V31_YAA18DIG6XXXXXXXX_ABCD00-PICS-00000-1024-79780.png",,Diamond Studded,"165,552.00",Bracelets,https://www.bluestone.com/bracelets/the-tapia-chain-bracelet~115379.html
BISL0804O13,The Pear Evil Eye Toggle Bangle,"https://kinclimg9.bluestone.com/f_jpg,c_scale,w_1024,b_rgb:f0f0f0/giproduct/BISL0804O13_RAA18DIG6XXXXXXXX_ABCD00-PICS-00002-1024-60786.png",,Diamond Studded,"113,030.00",Bangles,https://www.bluestone.com/bangles/the-pear-evil-eye-toggle-bangle~87037.html
BIAV0865V25,The Malocchio Charm Holder Bracelet,"https://kinclimg5.bluestone.com/f_jpg,c_scale,w_1024,b_rgb:f0f0f0/giproduct/BIAV0865V25_YAA18BEEYXXXXXXXX_ABCD00-PICS-00000-1024-71691.png",,Gemstone Studded,"34,931.00",Bracelets,https://www.bluestone.com/bracelets/the-malocchio-charm-holder-bracelet~95653.html
BISL0987V71,The Elize Evil Eye Bracelet,"https://kinclimg1.bluestone.com/f_jpg,c_scale,w_1024,b_rgb:f0f0f0/giproduct/BISL0987V71_YAA18DIG6XXXXXXXX_ABCD00-PICS-00000-1024-89884.png",,Diamond Studded,"124,450.00",Bracelets,https://www.bluestone.com/bracelets/the-elize-evil-eye-bracelet~121012.html
BISE0987F55,The Keeper Multiwearable Charm,"https://kinclimg8.bluestone.com/f_jpg,c_scale,w_1024,b_rgb:f0f0f0/giproduct/BISE0987F55_YAA14DIG6SYSBSYBS_ABCD00-PICS-00004-1024-78990.png",,Diamond Studded,"20,377.00",Charms,https://www.bluestone.com/charms/the-keeper-multiwearable-charm~114378.html
BIPN0818A41,The Zamen Nazariya Anklet,"https://kinclimg0.bluestone.com/f_jpg,c_scale,w_1024,b_rgb:f0f0f0/giproduct/BIPN0818A41_YAA18BEEYXXXXXXXX_ABCD00-PICS-00000-1024-81499.png",,Gemstone Studded,"39,247.00",Anklets,https://www.bluestone.com/anklets/the-zamen-nazariya-anklet~108030.html
BIPO0770U26,The Ensy Evil Eye Watch Charm,"https://kinclimg3.bluestone.com/f_jpg,c_scale,w_1024,b_rgb:f0f0f0/giproduct/BIPO0770U26_YAA14BEEYXXXXXXXX_ABCD00-PICS-00004-1024-85341.png",,Gemstone Studded,"10,326.00",Watch Accessory,https://www.bluestone.com/watch+accessory/the-ensy-evil-eye-watch-charm~79539.html
BIEK1005V227,The Winkoo Kids Evil Eye Bracelet,"https://kinclimg0.bluestone.com/f_jpg,c_scale,w_1024,b_rgb:f0f0f0/giproduct/BIEK1005V227_YAA14GEEYXXXXXXXX_ABCD00-PICS-00000-1024-119353.png",,Gemstone Studded,"15,450.00",Kids Bracelets,https://www.bluestone.com/kids+bracelets/the-winkoo-kids-evil-eye-bracelet~181193.html
BIAV1005V201,The Novare Evil Eye Kids Nazariya Bracelet,"https://kinclimg4.bluestone.com/f_jpg,c_scale,w_1024,b_rgb:f0f0f0/giproduct/BIAV1005V201_YAA14BEEYXXXXXXXX_ABCD00-PICS-00000-1024-115872.png",,Gemstone Studded,"10,298.00",Kids Bracelets,https://www.bluestone.com/kids+bracelets/the-novare-evil-eye-kids-nazariya-bracelet~173235.html
BIPO0783P12,The Melene Evil Eye Pendant,"https://kinclimg7.bluestone.com/f_jpg,c_scale,w_1024,b_rgb:f0f0f0/giproduct/BIPO0783P12_YAA14DIG6XXXXXXXX_ABCD00-PICS-00004-1024-56760.png",,Diamond Studded,"9,508.00",Pendants,https://www.bluestone.com/pendants/the-melene-evil-eye-pendant~82769.html
BIPO0783P11,The Ixea Evil Eye Pendant,"https://kinclimg8.bluestone.com/f_jpg,c_scale,w_1024,b_rgb:f0f0f0/giproduct/BIPO0783P11_YAA18DIG6XXXXXXXX_ABCD00-PICS-00004-1024-56793.png",,Diamond Studded,"18,051.00",Pendants,https://www.bluestone.com/pendants/the-ixea-evil-eye-pendant~82777.html
BISL0819N09,The Yfel Evil Eye Pendant Necklace,"https://kinclimg3.bluestone.com/f_jpg,c_scale,w_1024,b_rgb:f0f0f0/giproduct/BISL0819N09_YAA18DIG6BEEYXXXX_ABCD00-PICS-00003-1024-61162.png",,Diamond Studded,"72,212.00",Necklaces,https://www.bluestone.com/necklaces/the-yfel-evil-eye-pendant-necklace~89724.html
BISE0987P01,The Protecteur Evil Eye Pendant,"https://kinclimg7.bluestone.com/f_jpg,c_scale,w_1024,b_rgb:f0f0f0/giproduct/BISE0987P01_YAA18DIG6BLTOSIG7_ABCD00-PICS-00004-1024-78991.png",,Diamond Studded,"58,831.00",Pendants,https://www.bluestone.com/pendants/the-protecteur-evil-eye-pendant~114379.html
BIPN0987N07,The Rapett Evil Eye Charm Necklace,"https://kinclimg9.bluestone.com/f_jpg,c_scale,w_1024,b_rgb:f0f0f0/giproduct/BIPN0987N07_YAA18SYBSXXXXXXXX_ABCD00-PICS-00003-1024-79340.png",,Gemstone Studded,"142,406.00",Necklaces,https://www.bluestone.com/necklaces/the-rapett-evil-eye-charm-necklace~114824.html
BIAV0987N78,The Ailia Evil Eye Layered Necklace,"https://kinclimg7.bluestone.com/f_jpg,c_scale,w_1024,b_rgb:f0f0f0/giproduct/BIAV0987N78_YAA18DIG6SYBSSYSB_ABCD00-PICS-00003-1024-121878.png",,Diamond Studded,"75,816.00",Necklaces,https://www.bluestone.com/necklaces/the-ailia-evil-eye-layered-necklace~116379.html
BIHM1002V07,The Protector Evil Eye Rakhi,"https://kinclimg4.bluestone.com/f_jpg,c_scale,w_1024,b_rgb:f0f0f0/giproduct/BIHM1002V07_YAA14XXXXXXXXXXXX_ABCD00-PICS-00000-1024-80608.png",,Plain Gold,"8,863.00",Adjustable Bracelets,https://www.bluestone.com/adjustable+bracelets/the-protector-evil-eye-rakhi~114521.html
BIKR0987V33,The Talisman Evil Eye Steel Bracelet,"https://kinclimg1.bluestone.com/f_jpg,c_scale,w_1024,b_rgb:f0f0f0/giproduct/BIKR0987V33_YAA18DIG6SIG8STSS_ABCD00-PICS-00000-1024-80652.png",,Diamond Studded,"53,272.00",Adjustable Bracelets,https://www.bluestone.com/adjustable+bracelets/the-talisman-evil-eye-steel-bracelet~116807.html
BIPO0987P67,The Serenity Evil Eye Pendant For Him,"https://kinclimg8.bluestone.com/f_jpg,c_scale,w_1024,b_rgb:f0f0f0/giproduct/BIPO0987P67_YAA18DIG6SYBSXXXX_ABCD00-PICS-00004-1024-90209.png",,Diamond Studded,"146,781.00",Pendants,https://www.bluestone.com/pendants/the-serenity-evil-eye-pendant-for-him~115382.html
BIKR0987P33,The Talisman Evil Eye Pendant For Him,"https://kinclimg1.bluestone.com/f_jpg,c_scale,w_1024,b_rgb:f0f0f0/giproduct/BIKR0987P33_YAA18DIG6BLTOSIG7_ABCD00-PICS-00004-1024-80312.png",,Diamond Studded,"134,780.00",Pendants,https://www.bluestone.com/pendants/the-talisman-evil-eye-pendant-for-him~115385.html
BIPN0880H218,The Nettile Huggie Earrings,"https://kinclimg9.bluestone.com/f_jpg,c_scale,w_1024,b_rgb:f0f0f0/giproduct/BIPN0880H218_RAA18DIG6XXXXXXXX_ABCD00-PICS-00004-1024-80183.png",,Diamond Studded,"191,169.00",Earrings,https://www.bluestone.com/earrings/the-nettile-huggie-earrings~108215.html
BIJP0686H03,The Faliha Purse Hoop Earrings,"https://kinclimg9.bluestone.com/f_jpg,c_scale,w_1024,b_rgb:f0f0f0/giproduct/BIJP0686H03_YAA18DIG4XXXXXXXX_ABCD00-PICS-00004-1024-84306.png",,Diamond Studded,"105,475.00",Earrings,https://www.bluestone.com/earrings/the-faliha-purse-hoop-earrings~73262.html
BISP0427H21,The Ursa Hoop Earrings,"https://kinclimg1.bluestone.com/f_jpg,c_scale,w_1024,b_rgb:f0f0f0/giproduct/BISP0427H21_YAA18DIG6XXXXXXXX_ABCD00-PICS-00004-1024-78187.png",,Diamond Studded,"87,489.00",Earrings,https://www.bluestone.com/earrings/the-ursa-hoop-earrings~35069.html
BIIP0427H16,The Vicky Hoop Earrings,"https://kinclimg4.bluestone.com/f_jpg,c_scale,w_1024,b_rgb:f0f0f0/giproduct/BIIP0427H16_YAA18DIG6XXXXXXXX_ABCD00-PICS-00004-1024-76610.png",,Diamond Studded,"101,570.00",Earrings,https://www.bluestone.com/earrings/the-vicky-hoop-earrings~35071.html
BINK0363H03,The Skein Hoop Earrings,"https://kinclimg7.bluestone.com/f_jpg,c_scale,w_1024,b_rgb:f0f0f0/giproduct/BINK0363H03_YAA18DIG6XXXXXXXX_ABCD00-PICS-00004-1024-78023.png",,Diamond Studded,"78,769.00",Earrings,https://www.bluestone.com/earrings/the-skein-hoop-earrings~27215.html
BIPM0001H28,The Rohal Huggie Earrings,"https://kinclimg5.bluestone.com/f_jpg,c_scale,w_1024,b_rgb:f0f0f0/giproduct/BIPM0001H28_YAA18DIG6SYEMXXXX_ABCD00-PICS-00004-1024-79820.png",,Diamond Studded,"76,004.00",Earrings,https://www.bluestone.com/earrings/the-rohal-huggie-earrings~21864.html
BIIP0279S08,The Aleena Huggie Earrings,"https://kinclimg7.bluestone.com/f_jpg,c_scale,w_1024,b_rgb:f0f0f0/giproduct/BIIP0279S08_RAA18DIG6SYRUXXXX_ABCD00-PICS-00004-1024-79495.png",,Diamond Studded,"111,547.00",Earrings,https://www.bluestone.com/earrings/the-aleena-huggie-earrings~16735.html
BISA0255D05,The Asya Huggie Earrings,"https://kinclimg5.bluestone.com/f_jpg,c_scale,w_1024,b_rgb:f0f0f0/giproduct/BISA0255D05_YAA14DIG6PRWHXXXX_ABCD00-PICS-00004-1024-80521.png",,Diamond Studded,"42,066.00",Earrings,https://www.bluestone.com/earrings/the-asya-huggie-earrings~13494.html
BINS0639R11,The Haily Ring,"https://kinclimg0.bluestone.com/f_jpg,c_scale,w_1024,b_rgb:f0f0f0/giproduct/BINS0639R11_YAA22XXXXXXXXXXXX_ABCD00-PICS-00001-1024-65665.png",,Plain Gold,"115,012.00",Rings,https://www.bluestone.com/rings/the-haily-ring~64366.html
BIAR0097R07,The Liza ring,"https://kinclimg3.bluestone.com/f_jpg,c_scale,w_1024,b_rgb:f0f0f0/giproduct/BIAR0097R07_YAA18DIG4XXXXXXXX_ABCD00-PICS-00001-1024-64632.png",,Diamond Studded,"82,528.00",Rings,https://www.bluestone.com/rings/the-liza-ring~7623.html
BIAR0097R16,The Quinn Ring,"https://kinclimg7.bluestone.com/f_jpg,c_scale,w_1024,b_rgb:f0f0f0/giproduct/BIAR0097R16_YAA18DIG6XXXXXXXX_ABCD00-PICS-00001-1024-66184.png",,Diamond Studded,"108,992.00",Rings,https://www.bluestone.com/rings/the-quinn-ring~57845.html
BIAR0097R04,The Anya Ring,"https://kinclimg1.bluestone.com/f_jpg,c_scale,w_1024,b_rgb:f0f0f0/giproduct/BIAR0097R04_YAA18DIG6XXXXXXXX_ABCD00-PICS-00001-1024-71145.png",,Diamond Studded,"57,236.00",Rings,https://www.bluestone.com/rings/the-anya-ring~7515.html
BIJP0992R60,The Yuthika Highway Ring,"https://kinclimg3.bluestone.com/f_jpg,c_scale,w_1024,b_rgb:f0f0f0/giproduct/BIJP0992R60_WAA18DIG6XXXXXXXX_ABCD00-PICS-00001-1024-93003.png",,Diamond Studded,"217,803.00",Rings,https://www.bluestone.com/rings/the-yuthika-highway-ring~131078.html
BINS0639R18,The Gigi Ring,"https://kinclimg4.bluestone.com/f_jpg,c_scale,w_1024,b_rgb:f0f0f0/giproduct/BINS0639R18_YAA18DIG6XXXXXXXX_ABCD00-PICS-00001-1024-71114.png",,Diamond Studded,"172,687.00",Rings,https://www.bluestone.com/rings/the-gigi-ring~64382.html
BIAB0503R03,The Rafia Ring,"https://kinclimg5.bluestone.com/f_jpg,c_scale,w_1024,b_rgb:f0f0f0/giproduct/BIAB0503R03_YAA18DIG6XXXXXXXX_ABCD00-PICS-00001-1024-42032.png",,Diamond Studded,"69,246.00",Rings,https://www.bluestone.com/rings/the-rafia-ring~53638.html
BIJP0993R123,The Viperine Twist Ring,"https://kinclimg9.bluestone.com/f_jpg,c_scale,w_1024,b_rgb:f0f0f0/giproduct/BIJP0993R123_YAA18XXXXXXXXXXXX_ABCD00-PICS-00001-1024-95211.png",,Plain Gold,"68,296.00",Rings,https://www.bluestone.com/rings/the-viperine-twist-ring~124507.html
BISE0932R181,The Le Sommet Ring,"https://kinclimg4.bluestone.com/f_jpg,c_scale,w_1024,b_rgb:f0f0f0/giproduct/BISE0932R181_RAA18DIG6XXXXXXXX_ABCD00-PICS-00001-1024-75825.png",,Diamond Studded,"119,117.00",Rings,https://www.bluestone.com/rings/the-le-sommet-ring~105031.html
BIPM0017R18,The Malibu Ring,"https://kinclimg4.bluestone.com/f_jpg,c_scale,w_1024,b_rgb:f0f0f0/giproduct/BIPM0017R18_WAA18DIG6XXXXXXXX_ABCD00-PICS-00001-1024-71112.png",,Diamond Studded,"165,917.00",Rings,https://www.bluestone.com/rings/the-malibu-ring~2321.html
BIIP0090R24,The Ebony Ring,"https://kinclimg9.bluestone.com/f_jpg,c_scale,w_1024,b_rgb:f0f0f0/giproduct/BIIP0090R24_RAA18DIG6XXXXXXXX_ABCD00-PICS-00001-1024-80790.png",,Diamond Studded,"140,159.00",Rings,https://www.bluestone.com/rings/the-ebony-ring~9686.html
BIKR0993R117,The Luvee Highway Ring,"https://kinclimg0.bluestone.com/f_jpg,c_scale,w_1024,b_rgb:f0f0f0/giproduct/BIKR0993R117_YAA22XXXXXXXXXXXX_ABCD00-PICS-00001-1024-89188.png",,Plain Gold,"78,561.00",Rings,https://www.bluestone.com/rings/the-luvee-highway-ring~123242.html
BVEM0663C65,The Chevalier Gold Chain,"https://kinclimg7.bluestone.com/f_jpg,c_scale,w_1024,b_rgb:f0f0f0/giproduct/BVEM0663C65_YAA18XXXXXXXXXXXX_ABCD00-PICS-00003-1024-86476.png",,Plain Gold,"118,179.00",Chains,https://www.bluestone.com/chains/the-chevalier-gold-chain~124914.html
BIAV1037C17,The Ruan Cuban Diamond Chain,"https://kinclimg0.bluestone.com/f_jpg,c_scale,w_1024,b_rgb:f0f0f0/giproduct/BIAV1037C17_YAA18DIG6XXXXXXXX_ABCD00-PICS-00003-1024-119354.png",,Diamond Studded,"574,233.00",Chains,https://www.bluestone.com/chains/the-ruan-cuban-diamond-chain~165221.html
BVEM0663C88,The Tetyana Gold Chain,"https://kinclimg5.bluestone.com/f_jpg,c_scale,w_1024,b_rgb:f0f0f0/giproduct/BVEM0663C88_YAA22XXXXXXXXXXXX_ABCD00-PICS-00003-1024-99995.png",,Plain Gold,"409,142.00",Chains,https://www.bluestone.com/chains/the-tetyana-gold-chain~124927.html
BISV0910V12,The Bandhan Bracelet For Him,"https://kinclimg6.bluestone.com/f_jpg,c_scale,w_1024,b_rgb:f0f0f0/giproduct/BISV0910V12_YAA18DIG6XXXXXXXX_ABCD00-PICS-00000-1024-99180.png",,Diamond Studded,"809,508.00",Bracelets,https://www.bluestone.com/bracelets/the-bandhan-bracelet-for-him~112002.html
BISV0910V26,The Network Link Bracelet,"https://kinclimg3.bluestone.com/f_jpg,c_scale,w_1024,b_rgb:f0f0f0/giproduct/BISV0910V26_YAA18DIG6XXXXXXXX_ABCD00-PICS-00000-1024-82467.png",,Diamond Studded,"675,420.00",Bracelets,https://www.bluestone.com/bracelets/the-network-link-bracelet~108784.html
BISV0910V22,The Concatenate Bracelet For Him,"https://kinclimg1.bluestone.com/f_jpg,c_scale,w_1024,b_rgb:f0f0f0/giproduct/BISV0910V22_YAA18DIG6XXXXXXXX_ABCD00-PICS-00000-1024-81503.png",,Diamond Studded,"452,337.00",Bracelets,https://www.bluestone.com/bracelets/the-concatenate-bracelet-for-him~109542.html
BIPO0945V20,The Fonseca Bracelet For Him,"https://kinclimg9.bluestone.com/f_jpg,c_scale,w_1024,b_rgb:f0f0f0/giproduct/BIPO0945V20_YAA18DIG6SYSBXXXX_ABCD00-PICS-00000-1024-87481.png",,Diamond Studded,"646,695.00",Bracelets,https://www.bluestone.com/bracelets/the-fonseca-bracelet-for-him~116367.html
BISV0910R24,The Interlink Band Ring,"https://kinclimg0.bluestone.com/f_jpg,c_scale,w_1024,b_rgb:f0f0f0/giproduct/BISV0910R24_YAA18DIG6XXXXXXXX_ABCD00-PICS-00001-1024-79454.png",,Diamond Studded,"179,763.00",Rings,https://www.bluestone.com/rings/the-interlink-band-ring~108785.html
BIPO0945V21,The Amandine Bracelet For Him,"https://kinclimg1.bluestone.com/f_jpg,c_scale,w_1024,b_rgb:f0f0f0/giproduct/BIPO0945V21_YAA18DIG6XXXXXXXX_ABCD00-PICS-00000-1024-83427.png",,Diamond Studded,"598,694.00",Bracelets,https://www.bluestone.com/bracelets/the-amandine-bracelet-for-him~111826.html
BISL1006V249,The Kilxer Link Bracelet For Him,"https://kinclimg2.bluestone.com/f_jpg,c_scale,w_1024,b_rgb:f0f0f0/giproduct/BISL1006V249_WAA18XXXXXXXXXXXX_ABCD00-PICS-00000-1024-108063.png",,Plain Gold,"469,372.00",Bracelets,https://www.bluestone.com/bracelets/the-kilxer-link-bracelet-for-him~163433.html
BISL0851R28,The Jasper Band For Him,"https://kinclimg0.bluestone.com/f_jpg,c_scale,w_1024,b_rgb:f0f0f0/giproduct/BISL0851R28_YAA22XXXXXXXXXXXX_ABCD00-PICS-00001-1024-70393.png",,Plain Gold,"141,595.00",Rings,https://www.bluestone.com/rings/the-jasper-band-for-him~93964.html
BISL1006V287,The Volara Bracelet For Him,"https://kinclimg0.bluestone.com/f_jpg,c_scale,w_1024,b_rgb:f0f0f0/giproduct/BISL1006V287_YAA18DIG6XXXXXXXX_ABCD00-PICS-00000-1024-104117.png",,Diamond Studded,"935,891.00",Bracelets,https://www.bluestone.com/bracelets/the-volara-bracelet-for-him~163432.html
BIHS1145P21,The Valeria Rose Pendant,"https://kinclimg2.bluestone.com/f_jpg,c_scale,w_1024,b_rgb:f0f0f0/giproduct/BIHS1145P21_RAA18DIG6XXXXXXXX_ABCD00-PICS-00004-1024-119073.png",,Diamond Studded,"67,976.00",Pendants,https://www.bluestone.com/pendants/the-valeria-rose-pendant~181266.html
BISW1080P32,The Teshvarya Pendant,"https://kinclimg6.bluestone.com/f_jpg,c_scale,w_1024,b_rgb:f0f0f0/giproduct/BISW1080P32_RAA18DIG6XXXXXXXX_ABCD00-PICS-00004-1024-116053.png",,Diamond Studded,"126,490.00",Pendants,https://www.bluestone.com/pendants/the-teshvarya-pendant~173771.html
BISW1080P28,The Thyvarne Pendant,"https://kinclimg3.bluestone.com/f_jpg,c_scale,w_1024,b_rgb:f0f0f0/giproduct/BISW1080P28_RAA18DIG6MALAXXXX_ABCD00-PICS-00004-1024-114065.png",,Diamond Studded,"74,007.00",Pendants,https://www.bluestone.com/pendants/the-thyvarne-pendant~173761.html
BISW1080P131,The Thaloria Pendant,"https://kinclimg7.bluestone.com/f_jpg,c_scale,w_1024,b_rgb:f0f0f0/giproduct/BISW1080P131_RAA18DIG4SYTZSURL_ABCD00-PICS-00004-1024-113000.png",,Diamond Studded,"114,791.00",Pendants,https://www.bluestone.com/pendants/the-thaloria-pendant~165041.html
BISW1080P133,The Lumeelle Cluster Pendant,"https://kinclimg8.bluestone.com/f_jpg,c_scale,w_1024,b_rgb:f0f0f0/giproduct/BISW1080P133_RAA18DIG4SYEMXXXX_ABCD00-PICS-00004-1024-114851.png",,Diamond Studded,"227,184.00",Pendants,https://www.bluestone.com/pendants/the-lumeelle-cluster-pendant~162509.html
BISW1080P132,The Sarvanya Pendant,"https://kinclimg9.bluestone.com/f_jpg,c_scale,w_1024,b_rgb:f0f0f0/giproduct/BISW1080P132_WAA18DIG4LNBTXXXX_ABCD00-PICS-00004-1024-104460.png",,Diamond Studded,"106,868.00",Pendants,https://www.bluestone.com/pendants/the-sarvanya-pendant~156927.html
BISW1080P246,The Xarvithis Pendant,"https://kinclimg7.bluestone.com/f_jpg,c_scale,w_1024,b_rgb:f0f0f0/giproduct/BISW1080P246_RAA18DIG6XXXXXXXX_ABCD00-PICS-00004-1024-103903.png",,Diamond Studded,"66,842.00",Pendants,https://www.bluestone.com/pendants/the-xarvithis-pendant~156920.html
BIIP0550P16,The Aagarna Pendant,"https://kinclimg8.bluestone.com/f_jpg,c_scale,w_1024,b_rgb:f0f0f0/giproduct/BIIP0550P16_YAA14DIG6SYEMXXXX_ABCD00-PICS-00004-1024-42508.png",,Diamond Studded,"28,113.00",Pendants,https://www.bluestone.com/pendants/the-aagarna-pendant~54965.html