Priority Rank,Week,Month Plan Bucket,Source,Type,Category Fit,Theme,Action,Primary Keyword,Article Title/Angle,Suggested URL Slug,Bluestone Blog URL,Supporting Keywords,Keyword Count,Volume,KD,Priority Score,In CaratLane Export,CL Position,Bluestone Position,CaratLane URL,Semrush Page,Execution Note
1,Week 8,New Expansion - High Intent & Fresh Clusters,User Export Analysis (Deduped against Weeks 1-7),Validated Variant Page,Jewellery Design,Design Listicles,New,gold bracelet for women,30+ Latest Gold Bracelet Designs for Women: Daily Wear to Party Styles,gold-bracelet-designs-for-women-2026,https://blog.bluestone.com/gold-bracelet-designs-for-women-2026/,2 gram gold bracelet for baby boy | rudraksha bracelet gold | hand bracelet images for girl | black beads bracelet gold | name bracelet gold for girl | 4 gram gold bracelet mens | 10 gram gold bracelet | gold bracelet 10 gram | chunky bracelet gold | gold butterfly bracelet | 3 gram gold bracelet,12,135000,21,12.798,Yes,Top 10,Absent / Gap (>30),https://www.caratlane.com/jewellery/gold-bracelets-for+women.html,https://www.caratlane.com/jewellery/gold-bracelets-for+women.html,"Fresh topic with 0 overlap across Weeks 1-7. Target cluster volume: 155,790."
2,Week 8,New Expansion - High Intent & Fresh Clusters,User Export Analysis (Deduped against Weeks 1-7),Validated Variant Page,Buying Guide,How-to / Education,New,helix piercing,"Helix Piercing Guide 2026: Pain Level, Healing Time, Care & Earring Styles",helix-piercing-care-earrings-guide-2026,https://blog.bluestone.com/helix-piercing-care-earrings-guide-2026/,upper earrings | small earrings for upper ear | upper ear studs for ladies | upper piercing earrings | upper earrings design | helix ear piercings | double piercing | low helix piercing | helix ear cuff | does helix piercing hurt,11,60500,25,5.445,No,Top 10,Absent / Gap (>30),,https://blog.bluestone.com/helix-piercings-101-everything-you-need-to-know-about-helix-earrings-pain-healing-and-what-to-expect/,"Fresh topic with 0 overlap across Weeks 1-7. Target cluster volume: 76,500."
3,Week 8,New Expansion - High Intent & Fresh Clusters,User Export Analysis (Deduped against Weeks 1-7),Validated Variant Page,Jewellery Design,Design Listicles,New,choker necklace,Trending Choker Necklace Designs: From Simple Gold Chokers to Bridal Sets,trending-choker-necklace-designs-2026,https://blog.bluestone.com/trending-choker-necklace-designs-2026/,gold choker necklace | choker | gold choker | gold choker necklace design | choker design | choker necklace gold | choker necklace gold design | 20 gram gold choker necklace | bridal gold choker designs | choker design gold | simple gold choker necklace,12,74000,21,7.0152,Yes,Top 10,Absent / Gap (>30),https://www.caratlane.com/jewellery/chokers.html,https://www.caratlane.com/jewellery/chokers.html,"Fresh topic with 0 overlap across Weeks 1-7. Target cluster volume: 235,500."
4,Week 8,New Expansion - High Intent & Fresh Clusters,User Export Analysis (Deduped against Weeks 1-7),Validated Variant Page,Jewellery Design,Design Listicles,New,temple jewellery,"Complete Guide to Temple Jewellery: History, Auspicious Motifs & Bridal Sets",temple-jewellery-designs-guide-2026,https://blog.bluestone.com/temple-jewellery-designs-guide-2026/,temple jewellery gold | south indian jewellery set | temple jewellery designs | vanki designs | dholna jewellery | gold armlet | lakshmi mala | arm vanki | kappu in gold | lakshmi coin necklace | gold hand vanki designs,12,33100,19,3.2173,Yes,Top 10,Absent / Gap (>30),https://www.caratlane.com/jewellery/temple+jewellery.html,https://www.caratlane.com/jewellery/temple+jewellery.html,"Fresh topic with 0 overlap across Weeks 1-7. Target cluster volume: 52,050."
5,Week 8,New Expansion - High Intent & Fresh Clusters,User Export Analysis (Deduped against Weeks 1-7),Validated Variant Page,Jewellery Design,Design Listicles,New,nath design,"Traditional & Modern Nath Designs: Maharashtrian, Bridal, and Simple Nose Rings",nath-designs-bridal-maharashtrian-2026,https://blog.bluestone.com/nath-designs-bridal-maharashtrian-2026/,nath | gold nath design | nath design gold | nathiya design | bridal nath | nathiya design gold | gold nathiya design | marathi nath | simple gold nath design | 2 gram gold nath design | naak ki nath,12,27100,25,2.439,Yes,Top 10,Absent / Gap (>30),https://www.caratlane.com/jewellery/nath.html,https://www.caratlane.com/jewellery/nath.html,"Fresh topic with 0 overlap across Weeks 1-7. Target cluster volume: 154,300."
6,Week 8,New Expansion - High Intent & Fresh Clusters,User Export Analysis (Deduped against Weeks 1-7),Validated Variant Page,Jewellery Design,Design Listicles,New,silver payal design,Latest Silver Payal Designs 2026: Lightweight Daily Wear to Bridal Anklets,silver-payal-designs-daily-wear-bridal-2026,https://blog.bluestone.com/silver-payal-designs-daily-wear-bridal-2026/,silver anklets | silver payal for womens | payal design latest | women payal | payal for girls | silver pattilu | bridal silver payal design | silver kolusu | new model anklets in silver | antique silver anklets | silver kolusu rate,12,60500,19,5.8806,Yes,Top 10,Absent / Gap (>30),http://www.caratlane.com/silver-anklets,http://www.caratlane.com/silver-anklets,"Fresh topic with 0 overlap across Weeks 1-7. Target cluster volume: 187,700."
7,Week 8,New Expansion - High Intent & Fresh Clusters,User Export Analysis (Deduped against Weeks 1-7),Validated Variant Page,Jewellery Design,Design Listicles,New,tulip bracelet,Tulip Bracelet Trend: Why Floral Diamond & Gold Bracelets Are Taking Over 2026,tulip-bracelet-trend-gold-diamond-2026,https://blog.bluestone.com/tulip-bracelet-trend-gold-diamond-2026/,tulip bracelet for women | butterfly bracelet | lotus bracelet | tulip bracelet under 100 | butterfly mangalsutra | butterfly bracelet silver | women's tulip bracelet | tulips bracelet | flower jewellery | flower jewellery design | sunflower bracelet,12,33100,20,3.1776,Yes,Top 10,Absent / Gap (>30),https://www.caratlane.com/jewellery/dianella-tulip-diamond-bracelet-jt01579-ygs300.html,https://www.caratlane.com/jewellery/dianella-tulip-diamond-bracelet-jt01579-ygs300.html,"Fresh topic with 0 overlap across Weeks 1-7. Target cluster volume: 54,170."
8,Week 8,New Expansion - High Intent & Fresh Clusters,User Export Analysis (Deduped against Weeks 1-7),Validated Variant Page,Buying Guide,How-to / Education,New,yellow sapphire stone,"Yellow Sapphire (Pukhraj) Stone: Astrological Benefits, Wearing Finger & Purity Guide",yellow-sapphire-pukhraj-stone-benefits-guide-2026,https://blog.bluestone.com/yellow-sapphire-pukhraj-stone-benefits-guide-2026/,pukhraj stone ring design for man | yellow sapphire | kareena kapoor yellow sapphire ring | yellow pukhraj | yellow sapphire ring celebrities | yellow sapphire resorts | pukhraj stone colour | african yellow sapphire | mens yellow sapphire ring designs | pukhraj bracelet | rough yellow sapphire,12,12100,19,1.1761,No,Top 10,Absent / Gap (>30),,https://www.bluestone.com/jewellery/yellow-sapphire-rings.html,"Fresh topic with 0 overlap across Weeks 1-7. Target cluster volume: 49,700."
9,Week 8,New Expansion - High Intent & Fresh Clusters,User Export Analysis (Deduped against Weeks 1-7),Validated Variant Page,Jewellery Design,Design Listicles,New,silver kada for women,Modern Silver Kada & Bangle Designs for Women: 925 Sterling Silver Styles,silver-kada-bangles-for-women-2026,https://blog.bluestone.com/silver-kada-bangles-for-women-2026/,silver bangles | silver bangles design | silver kada for girl | silver bracelet design | silver bangles for kids | silver bangle design for women | silver chudi for women | silver bangles design for girl | silver bangles cost | 925 silver bangles | chandi bangles,12,40500,20,3.888,Yes,Top 10,Absent / Gap (>30),http://www.caratlane.com/silver-bracelets/,http://www.caratlane.com/silver-bracelets/,"Fresh topic with 0 overlap across Weeks 1-7. Target cluster volume: 103,860."
10,Week 8,New Expansion - High Intent & Fresh Clusters,User Export Analysis (Deduped against Weeks 1-7),Validated Variant Page,Jewellery Design,Design Listicles,New,silver ring for men,"Classic & Contemporary Silver Rings for Men: Masculine Bands, Signets & Daily Wear",silver-ring-designs-for-men-2026,https://blog.bluestone.com/silver-ring-designs-for-men-2026/,silver ring for boys | original silver ring for men | silver ring designs for male | silver ring for men design | chandi ki ring for men | silver band for men | men ring design silver | men silver ring design | gents silver ring design | boy ring design chandi | chandi ring design for man,12,40500,21,3.8394,Yes,Top 10,Absent / Gap (>30),https://www.caratlane.com/jewellery/silver-rings-for+men.html,https://www.caratlane.com/jewellery/silver-rings-for+men.html,"Fresh topic with 0 overlap across Weeks 1-7. Target cluster volume: 71,920."
11,Week 8,New Expansion - High Intent & Fresh Clusters,User Export Analysis (Deduped against Weeks 1-7),Validated Variant Page,Buying Guide,How-to / Education,New,topaz stone,"Topaz Stone Guide: Meaning, Healing Properties, Blue Topaz vs Imperial Topaz",topaz-stone-meaning-benefits-guide-2026,https://blog.bluestone.com/topaz-stone-meaning-benefits-guide-2026/,garnet | aquamarine stone | tanzanite | amethyst gemstone | amethyst crystal bracelet | mystic topaz cabochon | topaz birthstone | aquamarine blue | golden topaz | rhodolite | rhodolite garnet,12,22200,24,2.0246,No,Top 10,Absent / Gap (>30),,https://www.bluestone.com/jewellery/topaz.html,"Fresh topic with 0 overlap across Weeks 1-7. Target cluster volume: 66,780."
12,Week 8,New Expansion - High Intent & Fresh Clusters,User Export Analysis (Deduped against Weeks 1-7),Validated Variant Page,Jewellery Design,Design Listicles,New,bugadi designs,"Traditional Bugadi Earring Designs: History, Styling & Modern Maharashtrian Trends",bugadi-earring-designs-maharashtrian-2026,https://blog.bluestone.com/bugadi-earring-designs-maharashtrian-2026/,brijbali | puneri bali | kanatli bali | brij bali gold | kundal bali | bugadi meaning | traditional bugadi design | bugadi earrings design | ear bugadi designs | traditional bugadi earring | bugadi jewellery,12,4400,22,1.25,No,Top 10,Absent / Gap (>30),,https://blog.bluestone.com/traditional-bugadi-earrings-a-maharashtrian-classic/,"Fresh topic with 0 overlap across Weeks 1-7. Target cluster volume: 11,880."
13,Week 8,New Expansion - High Intent & Fresh Clusters,User Export Analysis (Deduped against Weeks 1-7),Validated Variant Page,Buying Guide,How-to / Education,New,panchdhatu ring,"Panchdhatu & Ashtadhatu Rings: 5 Sacred Metals, Astrological Benefits & How to Wear",panchdhatu-ashtadhatu-ring-benefits-guide-2026,https://blog.bluestone.com/panchdhatu-ashtadhatu-ring-benefits-guide-2026/,panchaloha | panchdhatu | ashtadhatu ring | panchaloha means | panchaloha metals | pancha lohalu | asht dhatu | panchaloha in english | panchdhatu metals | panchdhatu ring benefits | 5 dhatu ring,12,4400,19,1.25,No,Top 10,Absent / Gap (>30),,https://blog.bluestone.com/panchdhatu-ashtadhatu-rings-benefits-designs-and-how-to-wear-them/,"Fresh topic with 0 overlap across Weeks 1-7. Target cluster volume: 22,390."
14,Week 8,New Expansion - High Intent & Fresh Clusters,User Export Analysis (Deduped against Weeks 1-7),Validated Variant Page,Buying Guide,How-to / Education,New,salman khan bracelet,"Salman Khan Bracelet: Turquoise Stone Meaning, Astrological Secret & Significance",salman-khan-turquoise-bracelet-meaning-benefits-2026,https://blog.bluestone.com/salman-khan-turquoise-bracelet-meaning-benefits-2026/,pyrite bracelet benefits | firoza stone benefits | feroza stone benefits | salman khan bracelet stone name | turquoise color earrings | lajward stone benefits | feroza ring finger | pyrite stone bracelet benefits | turquoise jhumka | turquoise blue earrings | salman khan bracelet photo,12,18100,18,1.781,No,Top 10,Absent / Gap (>30),,https://blog.bluestone.com/salman-khans-signature-bracelet-meaning-stone-why-he-never-takes-it-off/,"Fresh topic with 0 overlap across Weeks 1-7. Target cluster volume: 32,540."
15,Week 8,New Expansion - High Intent & Fresh Clusters,User Export Analysis (Deduped against Weeks 1-7),Validated Variant Page,Buying Guide,How-to / Education,New,elephant hair ring,"Elephant Hair Ring: Spiritual Meaning, Good Luck Legend & Finger Placement Guide",elephant-hair-ring-meaning-benefits-finger-placement-2026,https://blog.bluestone.com/elephant-hair-ring-meaning-benefits-finger-placement-2026/,elephant hair | elephant hair ring benefits | elephant hair ring silver | tortoise ring benefits | tortoise ring for ladies | elephant hair ring gold | tortoise ring in which finger for female | elephant tail hair | elephant tail ring | how to wear tortoise ring for men | yanai mudi ring,12,8100,23,0.7484,No,Top 10,Absent / Gap (>30),,https://blog.bluestone.com/elephant-hair-rings-designs-benefits-traditions-finger-placement-guide/,"Fresh topic with 0 overlap across Weeks 1-7. Target cluster volume: 19,840."
16,Week 8,New Expansion - High Intent & Fresh Clusters,User Export Analysis (Deduped against Weeks 1-7),Validated Variant Page,Occasion/Gifting,Quotes/Messages/Status,New,dhanteras wishes,"75+ Auspicious Dhanteras Wishes, Messages & Quotes for Prosperity & Wealth",dhanteras-wishes-messages-quotes-2026,https://blog.bluestone.com/dhanteras-wishes-messages-quotes-2026/,dhanteras gift | dhantera wishes | dhantersa wishes | dhanteras 2024 wishes | dhanteras status | happy dhanteras 2022 wishes | happy dhanteras wishes 2024 | creative dhanteras wishes | dhantrayodashi wish | dhantrayodashi wishes | unique dhanteras wishes,12,22200,27,1.9447,No,Top 10,Absent / Gap (>30),,https://blog.bluestone.com/best-dhanteras-wishes-messages-greetings/,"Fresh topic with 0 overlap across Weeks 1-7. Target cluster volume: 87,790."
17,Week 8,New Expansion - High Intent & Fresh Clusters,User Export Analysis (Deduped against Weeks 1-7),Validated Variant Page,Buying Guide,How-to / Education,New,marriage dates in 2026,Shubh Vivah Muhurat 2026: Auspicious Hindu Marriage Dates & Panchang Calendar,shubh-vivah-muhurat-marriage-dates-2026,https://blog.bluestone.com/shubh-vivah-muhurat-marriage-dates-2026/,shadi muhurat 2026 | marriage dates in 2026 hindu panchang | lagan in 2026 | wedding dates in 2026 | 2026 marriage dates | lagan 2026 | marriage muhurat in 2026 | best wedding dates 2026 astrology | 2026 marriage dates telugu | april shadi muhurat 2026 | hindu marriage dates in 2026,12,12100,17,1.2052,No,Top 10,Absent / Gap (>30),,https://blog.bluestone.com/best-wedding-dates-in-2026-auspicious-hindu-panchang/,"Fresh topic with 0 overlap across Weeks 1-7. Target cluster volume: 85,400."
18,Week 8,New Expansion - High Intent & Fresh Clusters,User Export Analysis (Deduped against Weeks 1-7),Validated Variant Page,Buying Guide,How-to / Education,New,diamond rate today,"Diamond Rate Calculator 2026: Price per Carat, Cent Weight & Certification Factors",diamond-rate-calculator-per-carat-cent-2026,https://blog.bluestone.com/diamond-rate-calculator-per-carat-cent-2026/,diamond rate today 1 gram | today diamond rate | diamond rate in india | 24 carat diamond rate today | diamond carat rate | diamond cost per carat | diamond rate today in bangalore | today diamond rate in chennai | rate of diamond | 1 carat diamond rate | diamond rate today in kerala,12,60500,14,6.2436,Yes,Top 10,Absent / Gap (>30),https://www.caratlane.com/jewellery/diamond.html,https://www.caratlane.com/jewellery/diamond.html,"Fresh topic with 0 overlap across Weeks 1-7. Target cluster volume: 77,800."
19,Week 8,New Expansion - High Intent & Fresh Clusters,User Export Analysis (Deduped against Weeks 1-7),Validated Variant Page,Buying Guide,How-to / Education,New,huid,What is HUID Number in Gold Jewellery? How to Verify Hallmark Purity Online,what-is-huid-code-gold-jewellery-verification-2026,https://blog.bluestone.com/what-is-huid-code-gold-jewellery-verification-2026/,916 gold means | kdm gold means | huid full form | gold jewellery huid | kdm full form | meaning of 916 | what is 916 gold | 750 gold means | 916 kdm means | kdm gold carat | 750 hallmark,12,4400,23,1.25,No,Top 10,Absent / Gap (>30),,https://blog.bluestone.com/what-is-huid-code-in-gold-jewellery-how-to-check-and-verify-it-online/,"Fresh topic with 0 overlap across Weeks 1-7. Target cluster volume: 37,810."
20,Week 8,New Expansion - High Intent & Fresh Clusters,User Export Analysis (Deduped against Weeks 1-7),Validated Variant Page,Buying Guide,How-to / Education,New,bangle ceremony,"Bangle Ceremony Guide (Godh Bharai / Valaikappu): Rituals, Dress Ideas & Bangles",bangle-ceremony-rituals-dress-bangles-guide-2026,https://blog.bluestone.com/bangle-ceremony-rituals-dress-bangles-guide-2026/,calcutta bangles | kolkata bangles | broad bangles | baby shower bangles | bangles set for girls | bengali wedding bangles | kolkata bangles design | patla bangles | how to wear shakha pola loha | valayal | bangle ceremony dress,12,5400,24,1.25,No,Top 10,Absent / Gap (>30),,https://blog.bluestone.com/bangle-ceremony-guide-meaning-decoration-outfit-ideas/,"Fresh topic with 0 overlap across Weeks 1-7. Target cluster volume: 14,140."
