rank,action,primary,volume,theme,slug
1,Done,karwa chauth gift for wife,9900,Gift Guides,karwa-chauth-gift-for-wife-2026
2,Done,how to check gold purity,5400,How-to / Education,how-to-check-gold-purity-2026
3,Done,bangle size,8100,How-to / Education,bangle-size-2026
4,Done,wedding gifts for girls,8100,Gift Guides,wedding-gifts-for-girls-2026
5,Done,birthday gift for sister ideas,9900,Gift Guides,birthday-gift-for-sister-ideas-2026
6,Skip-Existing,best rakhi gift for sister,9900,Gift Guides,best-rakhi-gift-for-sister-2026
7,Skip-Existing,marriage gifts,9900,Gift Guides,marriage-gifts-2026
8,New,gst on gold jewellery,9900,How-to / Education,gst-on-gold-jewellery-2026
9,New,father's day gift ideas,6600,Gift Guides,fathers-day-gift-ideas-2027
10,New,demi fine jewelry,6600,Design Listicles,demi-fine-jewelry-2026
11,New,wedding gift for best friend,6600,Gift Guides,wedding-gift-for-best-friend-2026
12,New,name ring design,5400,Design Listicles,name-ring-design-2026
13,New,gift suggestions for secret santa,4400,Gift Guides,gift-suggestions-for-secret-santa-2026
14,New,anniversary gift for parents,8100,Gift Guides,anniversary-gift-for-parents-2026
15,New,earrings for saree,8100,Design Listicles,earrings-for-saree-2026
16,New,upper ear earrings,8100,Design Listicles,upper-ear-earrings-2026
17,New,9 karat gold,6600,How-to / Education,9-karat-gold-2026
18,New,valentine day gift for husband,5400,Gift Guides,valentine-day-gift-for-husband-2027
19,New,how to measure ring size at home,3600,How-to / Education,how-to-measure-ring-size-at-home-2026
20,New,chandbali earrings gold,9900,Design Listicles,chandbali-earrings-gold-2026
21,New,top 10 mother's day gift ideas,2400,Gift Guides,top-10-mothers-day-gift-ideas-2027
22,New,wedding day gift for bride,4400,Gift Guides,wedding-day-gift-for-bride-2026
23,New,best gift for sister,5400,Gift Guides,best-gift-for-sister-2026
24,New,new mother gifts,4400,Gift Guides,new-mother-gifts-2027
25,New,latest gold bangles design,8100,Design Listicles,latest-gold-bangles-design-2026
26,New,first night gift for wife,4400,Gift Guides,first-night-gift-for-wife-2026
27,New,useful birthday gifts for mom,5400,Gift Guides,useful-birthday-gifts-for-mom-2026
28,New,friendship day gifts for best friend,1900,Gift Guides,friendship-day-gifts-for-best-friend-2026
29,New,ganesh pendant gold,4400,Design Listicles,ganesh-pendant-gold-2026
30,New,best day to buy gold,1900,How-to / Education,best-day-to-buy-gold-2026
31,New,diamond cocktail rings,2400,Design Listicles,diamond-cocktail-rings-2026
32,New,single stone ring,2400,Design Listicles,single-stone-ring-2026
33,New,gift for mom,3600,Gift Guides,gift-for-mom-2026
34,New,gold akshaya tritiya,4400,Gift Guides,gold-akshaya-tritiya-2026
35,New,gift for brother birthday,2400,Gift Guides,gift-for-brother-birthday-2026
36,New,lotus jewelry,2900,Design Listicles,lotus-jewelry-2026
37,New,hypoallergenic earrings,1900,Design Listicles,hypoallergenic-earrings-2026
38,New,nose piercing types,2900,Design Listicles,nose-piercing-types-2026
39,New,best valentines gifts for girlfriend,1900,Gift Guides,best-valentines-gifts-for-girlfriend-2026
40,New,diamond earrings for kids,1300,Design Listicles,diamond-earrings-for-kids-2026
41,New,heavy gold chain designs for mens,1300,Design Listicles,heavy-gold-chain-designs-for-mens-2026
42,New,bracelets for teenage girl,1300,Gift Guides,bracelets-for-teenage-girl-2026
43,New,types of necklaces,1300,Gift Guides,types-of-necklaces-2026
44,New,gifts for father,1600,Gift Guides,gifts-for-father-2027
45,New,daily wear gold earrings design,8100,Design Listicles,daily-wear-gold-earrings-design-2026
46,New,long mangalsutra,9900,Design Listicles,long-mangalsutra-2026
47,New,pearl choker necklace,9900,Design Listicles,pearl-choker-necklace-2026
48,New,silver jhumka earrings,8100,Design Listicles,silver-jhumka-earrings-2026
49,New,mens gold hoop earrings,9900,Design Listicles,mens-gold-hoop-earrings-2026
50,New,mens personalised bracelet,6600,Design Listicles,mens-personalised-bracelet-2026
51,New,second stud earrings,9900,Design Listicles,second-stud-earrings-2026
52,New,silver anklet design,8100,Design Listicles,silver-anklet-design-2026
53,New,platinum couple rings,6600,Design Listicles,platinum-couple-rings-2026
54,New,evil eye silver bracelet,8100,Design Listicles,evil-eye-silver-bracelet-2026
55,New,evil eye anklet,9900,Design Listicles,evil-eye-anklet-2026
56,New,toe ring silver,9900,Design Listicles,toe-ring-silver-2026
57,New,silver maang tikka,1300,Design Listicles,silver-maang-tikka-2026
58,New,gold pearl earrings,8100,Design Listicles,gold-pearl-earrings-2026
59,New,0.5 gm gold coin,4400,Design Listicles,05-gm-gold-coin-2026
60,New,initial necklace,2400,Design Listicles,initial-necklace-2026
61,New,tennis bracelet womens,4400,Design Listicles,tennis-bracelet-womens-2026
62,New,kids bangles,5400,Design Listicles,kids-bangles-2026
63,New,oxidised silver earrings,4400,Design Listicles,oxidised-silver-earrings-2026
64,New,alphabet charm bracelet,1300,Design Listicles,alphabet-charm-bracelet-2026
65,New,silver hoop earrings,3600,Design Listicles,silver-hoop-earrings-2026
66,New,double layer necklace,2400,Design Listicles,double-layer-necklace-2026
67,New,heart shaped pendant in gold,1900,Design Listicles,heart-shaped-pendant-in-gold-2026
68,New,kundan rings,1300,Design Listicles,kundan-rings-2026
69,New,black ring for men,8100,Design Listicles,black-ring-for-men-2026
70,New,unique birthday gift for husband,8100,Gift Guides,unique-birthday-gift-for-husband-2026
71,New,unique birthday gift for wife,3600,Gift Guides,unique-birthday-gift-for-wife-2026
72,New,best anniversary gift for husband,4400,Gift Guides,best-anniversary-gift-for-husband-2026
73,New,diwali gift for hubby,1300,Gift Guides,diwali-gift-for-hubby-2026
74,New,jewellery gift for girlfriend,1300,Gift Guides,jewellery-gift-for-girlfriend-2026
75,New,necklace gift for girlfriend,1600,Gift Guides,necklace-gift-for-girlfriend-2026
76,New,bracelet gift for girlfriend,2400,Gift Guides,bracelet-gift-for-girlfriend-2026
77,New,silver kada for men,135000,Design Listicles,silver-kada-for-men-2026
78,New,engagement rings,110000,Gift Guides,engagement-rings-2026
79,New,diamond necklace,74000,Design Listicles,diamond-necklace-2026
80,New,gold ring design for female,40500,Design Listicles,gold-ring-design-for-female-2026
81,New,boys ring,40500,Design Listicles,boys-ring-2026
82,New,latest gold necklace designs,33100,Design Listicles,latest-gold-necklace-designs-2026
83,New,ear ring design gold,27100,Design Listicles,ear-ring-design-gold-2026
84,New,latest design of gold earrings,27100,Design Listicles,latest-design-of-gold-earrings-2026
85,New,gold ear tops,22200,Design Listicles,gold-ear-tops-2026
86,New,finger ring for women,18100,Design Listicles,finger-ring-for-women-2026
87,New,diamond set,14800,Design Listicles,diamond-set-2026
88,New,simple necklace design,12100,Design Listicles,simple-necklace-design-2026
89,New,small gold earrings,12100,Design Listicles,small-gold-earrings-2026
90,New,gold plated bangles,9900,Design Listicles,gold-plated-bangles-2026
91,New,diamond studs for men,9900,Design Listicles,diamond-studs-for-men-2026
92,New,baby bangles gold,9900,Design Listicles,baby-bangles-gold-2027
93,New,diamond chain men,9900,Design Listicles,diamond-chain-men-2026
94,New,baby earrings gold,9900,Design Listicles,baby-earrings-gold-2027
95,New,long chain,9900,Design Listicles,long-chain-2026
96,New,diamond pendant,9900,Design Listicles,diamond-pendant-2026
97,New,stone necklace,8100,Design Listicles,stone-necklace-2026
98,New,modern gold pendant designs for female,8100,Design Listicles,modern-gold-pendant-designs-for-female-2026
99,New,gold ear studs for men,6600,Design Listicles,gold-ear-studs-for-men-2026
100,New,womens gold earrings designs,6600,Design Listicles,womens-gold-earrings-designs-2026
101,New,earring gold jewellery design,6600,Design Listicles,earring-gold-jewellery-design-2026
102,New,pendant necklace,6600,Design Listicles,pendant-necklace-2026
103,New,neck chain,6600,Design Listicles,neck-chain-2026
104,New,simple gold earrings design,5400,Design Listicles,simple-gold-earrings-design-2026
105,New,gold kangan latest design,4400,Design Listicles,gold-kangan-latest-design-2026
106,New,necklace models,4400,Design Listicles,necklace-models-2026
107,New,latest gold chain design for men,3600,Design Listicles,latest-gold-chain-design-for-men-2026
108,New,women's gold necklace design,2900,Design Listicles,womens-gold-necklace-design-2026
109,New,traditional necklace for women,2900,Design Listicles,traditional-necklace-for-women-2026
110,New,yellow earrings,2900,Design Listicles,yellow-earrings-2026
111,New,gold pendant designs for male,2400,Design Listicles,gold-pendant-designs-for-male-2026
112,New,simple gold bangles,2400,Design Listicles,simple-gold-bangles-2026
113,New,gold single bangle,1900,Design Listicles,gold-single-bangle-2026
114,New,nose ring,135000,Design Listicles,nose-ring-2026
115,New,white gold,60500,Design Listicles,white-gold-2026
116,New,rose gold,49500,Design Listicles,rose-gold-2026
117,New,gents bracelet gold,40500,Design Listicles,gents-bracelet-gold-2026
118,New,gold ring design for male,33100,Design Listicles,gold-ring-design-for-male-2026
119,New,sui dhaga earrings,27100,Design Listicles,sui-dhaga-earrings-2026
120,New,vanki ring,22200,Design Listicles,vanki-ring-2026
121,New,boys gold chain,14800,Design Listicles,boys-gold-chain-2026
122,New,drop earrings,14800,Design Listicles,drop-earrings-2026
123,New,chain pendants,14800,Design Listicles,chain-pendants-2026
124,New,gold chain models for mens,12100,Design Listicles,gold-chain-models-for-mens-2026
125,New,baby gold bracelet,8100,Design Listicles,baby-gold-bracelet-2027
126,New,long gold necklace,8100,Design Listicles,long-gold-necklace-2026
127,New,emerald ring,12100,Design Listicles,emerald-ring-2026
128,New,earring tops,12100,Design Listicles,earring-tops-2026
129,New,long earrings,12100,Design Listicles,long-earrings-2026
130,New,gold chain design for girl with locket,9900,Design Listicles,gold-chain-design-for-girl-with-locket-2026
131,New,pendant set,9900,Design Listicles,pendant-set-2026
132,New,stone earrings,9900,Design Listicles,stone-earrings-2026
133,New,pearl jewellery set,9900,Design Listicles,pearl-jewellery-set-2026
134,New,gold chain design for female,9900,Design Listicles,gold-chain-design-for-female-2026
135,New,stylish gold earrings design,9900,Design Listicles,stylish-gold-earrings-design-2026
136,New,gold plated chain,8100,Design Listicles,gold-plated-chain-2026
137,New,new model gold earrings,8100,Design Listicles,new-model-gold-earrings-2026
138,New,black earrings,8100,Design Listicles,black-earrings-2026
139,New,bali earrings,8100,Design Listicles,bali-earrings-2026
140,New,kitty set gold,8100,Design Listicles,kitty-set-gold-2026
141,New,gents gold chain,6600,Design Listicles,gents-gold-chain-2026
142,New,daily use simple gold chain design,6600,Design Listicles,daily-use-simple-gold-chain-design-2026
143,New,chain bracelet,6600,Design Listicles,chain-bracelet-2026
144,New,light weight gold jewellery,6600,Design Listicles,light-weight-gold-jewellery-2026
145,New,modern simple gold ring design,6600,Design Listicles,modern-simple-gold-ring-design-2026
146,New,hanging earrings,6600,Design Listicles,hanging-earrings-2026
147,New,ruby ring,9900,Design Listicles,ruby-ring-2026
148,New,thali chain,9900,Design Listicles,thali-chain-2026
149,New,yellow sapphire ring,8100,Design Listicles,yellow-sapphire-ring-2026
150,New,laxmi haar gold design,6600,Design Listicles,laxmi-haar-gold-design-2026
151,New,mens cross necklace,6600,Design Listicles,mens-cross-necklace-2026
152,New,heavy earrings,6600,Design Listicles,heavy-earrings-2026
153,New,flower earrings,5400,Design Listicles,flower-earrings-2026
154,New,platinum earrings,5400,Design Listicles,platinum-earrings-2026
155,New,pukhraj ring,5400,Design Listicles,pukhraj-ring-2026
156,Done,platinum necklace,4400,Design Listicles,platinum-necklace-2026
157,New,plain gold ring,4400,Design Listicles,plain-gold-ring-2026
158,New,gold round earrings,4400,Design Listicles,gold-round-earrings-2026
159,New,bangle bracelet,4400,Design Listicles,bangle-bracelet-2026
160,New,gold plated rings for womens,3600,Design Listicles,gold-plated-rings-for-womens-2026
161,New,small necklace design,3600,Design Listicles,small-necklace-design-2026
162,New,boy ring design silver,3600,Design Listicles,boy-ring-design-silver-2026
163,New,short necklace designs,3600,Design Listicles,short-necklace-designs-2026
164,New,cross chain,3600,Design Listicles,cross-chain-2026
165,New,gold chain design for male,2900,Design Listicles,gold-chain-design-for-male-2026
166,New,latest gold ring design,2900,Design Listicles,latest-gold-ring-design-2026
167,New,chain necklace for women,2900,Design Listicles,chain-necklace-for-women-2026
168,New,flower design gold ring,2400,Design Listicles,flower-design-gold-ring-2026
169,New,heart ring,2400,Design Listicles,heart-ring-2026
170,New,baby gold chain,9900,Design Listicles,baby-gold-chain-2027
171,New,diamond bracelet,9900,Design Listicles,diamond-bracelet-2026
172,New,fancy necklace,1900,Design Listicles,fancy-necklace-2026
173,New,stylish gold necklace design,1900,Design Listicles,stylish-gold-necklace-design-2026
174,New,childrens bangles,6600,Design Listicles,childrens-bangles-2026
175,New,boys bracelet gold,6600,Design Listicles,boys-bracelet-gold-2026
176,New,men's band rings,5400,Design Listicles,mens-band-rings-2026
177,New,latest pendant designs in gold,1600,Design Listicles,latest-pendant-designs-in-gold-2026
178,New,real silver rings for women,1600,Design Listicles,real-silver-rings-for-women-2026
179,New,types of bangles,1600,Design Listicles,types-of-bangles-2026
180,New,round ring design,1600,Design Listicles,round-ring-design-2026
181,New,earring ka design,1600,Design Listicles,earring-ka-design-2026
182,New,latest gold jhala design,1600,Design Listicles,latest-gold-jhala-design-2026
183,New,24k gold earrings,1600,Design Listicles,24k-gold-earrings-2026
184,New,black beads gold chain,12100,Design Listicles,black-beads-gold-chain-2026
185,Done,infinity ring,8100,Design Listicles,infinity-ring-2026
186,New,pearl chain,8100,Design Listicles,pearl-chain-2026
187,New,mangalya chain design gold,8100,Design Listicles,mangalya-chain-design-gold-2026
188,New,pearl ring,6600,Design Listicles,pearl-ring-2026
189,New,ring watch mens,5400,Design Listicles,ring-watch-mens-2026
190,New,traditional earrings,5400,Design Listicles,traditional-earrings-2026
191,New,pure silver rings for mens,5400,Design Listicles,pure-silver-rings-for-mens-2026
192,New,chandi ring for women,5400,Design Listicles,chandi-ring-for-women-2026
193,New,thumb rings,5400,Design Listicles,thumb-rings-2026
194,New,silver chain design for womens,4400,Design Listicles,silver-chain-design-for-womens-2026
195,New,panna ring,4400,Design Listicles,panna-ring-2026
196,New,big earrings,4400,Design Listicles,big-earrings-2026
197,New,one gram gold ring for ladies,3600,Design Listicles,one-gram-gold-ring-for-ladies-2026
198,New,simple daily wear rings,1300,Design Listicles,simple-daily-wear-rings-2026
199,New,gold kanthi chain design,1300,Design Listicles,gold-kanthi-chain-design-2026
200,New,gold chain designsmens,1300,Design Listicles,gold-chain-designsmens-2026
