rank,action,intent,primary,volume,score,url,supports
1,Done,karwa_wife,karwa chauth gift for wife,9900,5.0782,https://blog.bluestone.com/karwa-chauth-gift-for-wife-2026/,karva chauth gift for wife | karva chauth gifts for wife
2,Done,gold_purity,how to check gold purity,5400,3.2963,https://blog.bluestone.com/how-to-check-gold-purity-2026/,how much gst on gold | buy gold on emi | 9 carat gold purity | 20 carat gold purity percentage | gold purity | how to check gold at home | 14 karat gold | 22 carat gold purity | why is pure gold not suitable for making ornaments | 22 carat gold purity percentage
3,Done,bangle_size,bangle size,8100,3.2923,https://blog.bluestone.com/bangle-size-2026/,ear piercing for women | ear lobe piercing | lobe piercing | gold necklace earring set | demi fine jewelry meaning | 2.2 bangle size | bangle size 2.6 | ear piercing ideas
4,Done,wedding_girls_her,wedding gifts for girls,8100,2.9403,https://blog.bluestone.com/wedding-gifts-for-girls-2026/,marriage gifts for girls | marriage gift ideas | unique marriage gifts | marriage gift | gift for marriage | best gift for wedding couple | gift for bride | gift for wedding couple | gift for married girl | wedding gifts for women
5,Done,sister_birthday,birthday gift for sister ideas,9900,2.5714,https://blog.bluestone.com/birthday-gift-for-sister-ideas-2026/,sister birthday gift ideas | useful gift for sister on her birthday | unique birthday gifts for sister | gift for mom birthday | mom birthday gift | unique birthday gift for brother | gift for mother birthday
6,Skip-Existing,rakhi_sister,best rakhi gift for sister,9900,2.9847,https://blog.bluestone.com/best-gift-for-sister-on-raksha-bandhan-2026/,best rakhi gift for sister | rakhi gift ideas for sister | rakhi gift suggestions
7,Skip-Existing,wedding_couple_broad,marriage gifts,9900,2.4284,https://blog.bluestone.com/top-8-marriage-gift-ideas-for-couples-in-2025/,marriage gift ideas | marriage gift ideas india | gift for wedding | unique marriage gifts | marriage gift | gift for marriage | gifts for wedding | best wedding gift | wedding gift for couple | luxury wedding gifts for couple | unique gift for newly married couple | indian wedding gifts for couples | wedding gift for best friend | wedding day gift for bride | marriage gifts for couple
8,New,gst_gold,gst on gold jewellery,9900,2.4039,,ear piercing for women | ear lobe piercing | lobe piercing | gold necklace earring set | demi fine jewelry meaning | 2.2 bangle size | bangle size 2.6 | ear piercing ideas | gold gst rate in india | gold tax rate | what is the gst for gold
9,New,fathers_day_gift,father's day gift ideas,6600,2.2267,,father's day gift ideas | gifts for father
10,New,demi_fine,demi fine jewelry,6600,2.166,,ear piercing for women | ear lobe piercing | lobe piercing | gold necklace earring set | demi fine jewelry meaning | 2.2 bangle size | bangle size 2.6 | ear piercing ideas
11,New,name_ring,name ring design,5400,2.0647,,diamond cocktail rings | single stone ring | how to measure ring size at home | finger ring size chart | 6 cm ring size | ring ear piercing | ear piercing for women | ear lobe piercing
12,New,secret_santa,gift suggestions for secret santa,4400,2.0492,,secret santa gift suggestions | best secret santa presents | best secret santa gifts | good secret santa gifts | secret santa gift ideas
13,New,anniversary_parents,anniversary gift for parents,8100,1.9868,,anniversary gifts for parents | best anniversary gift for parents | useful anniversary gifts for parents | useful gifts for parents anniversary from daughter | gifts for parents anniversary | best anniversary gift for mom and dad | anniversary gift for mom and dad | marriage anniversary gifts for parents | best gift for mom dad anniversary
14,New,ear_saree,earrings for saree,8100,1.734,,ear piercing for women | ear lobe piercing | lobe piercing | gold necklace earring set | demi fine jewelry meaning | 2.2 bangle size | bangle size 2.6 | ear piercing ideas | earrings for gown
15,New,upper_ear,upper ear earrings,8100,1.5908,,upper lobe earrings | hypoallergenic earrings | nose piercing types | diamond earrings for kids | earrings for upper piercing | upper earrings for women | earrings for saree | upper ear piercing | top ear piercing | side ear piercing | types of ear piercing | piercing names
16,New,9k_gold,9 karat gold,6600,1.5732,,how much gst on gold | buy gold on emi | 9 carat gold purity | 20 carat gold purity percentage | gold purity | how to check gold at home | 14 karat gold | 22 carat gold purity | 18 karat gold | 14k gold
17,New,valentine_husband,valentine day gift for husband,5400,1.5629,,unique valentine gift for husband | best gift for husband on valentine's day
18,New,ring_size,how to measure ring size at home,3600,1.516,,ear piercing for women | ear lobe piercing | lobe piercing | gold necklace earring set | demi fine jewelry meaning | 2.2 bangle size | bangle size 2.6 | ear piercing ideas | finger ring size chart
19,New,10g_necklace,10 gram gold necklace,6600,1.5138,,ear piercing for women | ear lobe piercing | lobe piercing | gold necklace earring set | demi fine jewelry meaning | 2.2 bangle size | bangle size 2.6 | ear piercing ideas | simplegold necklace designs in 10 grams
20,New,mothers_day_gift,top 10 mother's day gift ideas,2400,1.4531,,top 10 mother's day gift ideas | best mother's day gifts | mothers day gift ideas for indian mom | mom's day ideas
21,New,gift_sister_general,best gift for sister,5400,1.3225,,gift ideas for sister | best gift for husband on valentine's day | unique gifts for sister | mum gifts | useful gifts for sister
22,New,new_mom,new mother gifts,4400,1.2951,,new mother gifts | gifts for new moms
23,New,bangles_design,latest gold bangles design,8100,1.2264,,bangle size | 2.6 bangle size in cm | 2.2 bangle size | how to find bangle size | bangle size 2.6 | 2.8 bangle size in cm | ear piercing for women | ear lobe piercing
24,New,first_night_wife,first night gift for wife,4400,1.1537,,gift ideas for sister | best gift for husband on valentine's day
25,New,mom_birthday,useful birthday gifts for mom,5400,1.1227,,useful gifts for mom birthday in india | mom birthday gift | birthday gift for mother | gift for mom birthday | gift for mother birthday | gifts for mom on her birthday | sister birthday gift ideas | unique birthday gift for brother
26,New,friendship_gift,friendship day gifts for best friend,1900,1.006,,friendship day gifts for best friend
27,New,ganesh_pendant,ganesh pendant gold,4400,0.9931,,heavy gold chain designs for mens | ganpati pendant | 22k gold chain in length 20.00 inches | 10 gram gold necklace | hand mangalsutra design | heart shaped pendant in gold | gold necklace designs in 10 grams with price | simplegold necklace designs in 10 grams
28,New,buy_gold_day,best day to buy gold,1900,0.9171,,how to check gold purity | 9 karat gold | 22 carat gold purity percentage | 9 carat gold purity | gst on gold ornaments | gst on gold purchase | 20 carat gold purity percentage | gold purity check
29,New,cocktail_ring,diamond cocktail rings,2400,0.8274,,ear piercing for women | ear lobe piercing | lobe piercing | gold necklace earring set | demi fine jewelry meaning | 2.2 bangle size | bangle size 2.6 | ear piercing ideas
30,New,single_stone,single stone ring,2400,0.7681,,ear piercing for women | ear lobe piercing | lobe piercing | gold necklace earring set | demi fine jewelry meaning | 2.2 bangle size | bangle size 2.6 | ear piercing ideas
31,New,gift_mom_general,gift for mom,3600,0.7484,,gift for mummy | gift ideas for sister | best gift for husband on valentine's day | gifts for parents | gifts for mother
32,New,akshaya,gold akshaya tritiya,4400,0.7302,,gold akshaya tritiya
33,New,brother_birthday,gift for brother birthday,2400,0.718,,unique birthday gift for brother | sister birthday gift ideas | gift for mom birthday | mom birthday gift | gift for mother birthday | unique birthday gifts for sister
34,New,lotus,lotus jewelry,2900,0.6134,,gst on gold jewellery | demi fine jewelry | demi fine jewelry meaning | demi fine jewellery | jewellery gst | gst on jewellery | demi fine jewelry brands | gst rate on gold jewellery 2022
35,New,hypoallergenic,hypoallergenic earrings,1900,0.5829,,ear piercing for women | ear lobe piercing | lobe piercing | gold necklace earring set | demi fine jewelry meaning | 2.2 bangle size | bangle size 2.6 | ear piercing ideas
36,New,nose_piercing,nose piercing types,2900,0.5488,,ear piercing for women | ear lobe piercing | lobe piercing | gold necklace earring set | demi fine jewelry meaning | 2.2 bangle size | bangle size 2.6 | ear piercing ideas
37,New,valentine_girlfriend,best valentines gifts for girlfriend,1900,0.4668,,22 carat gold hallmark | 24 carat gold hallmark | gold gst percentage | hallmark gold sign | gold purchase on emi | gold carat list | 9kt gold | simple ear piercings
38,New,kids_earrings,diamond earrings for kids,1300,0.4557,,ear piercing for women | ear lobe piercing | lobe piercing | gold necklace earring set | demi fine jewelry meaning | 2.2 bangle size | bangle size 2.6 | ear piercing ideas
39,New,mens_chain,heavy gold chain designs for mens,1300,0.4482,,ear piercing for women | ear lobe piercing | lobe piercing | gold necklace earring set | demi fine jewelry meaning | 2.2 bangle size | bangle size 2.6 | ear piercing ideas
40,New,teen_bracelet,bracelets for teenage girl,1300,0.2848,,22 carat gold hallmark | 24 carat gold hallmark | gold gst percentage | hallmark gold sign | gold purchase on emi | gold carat list | 9kt gold | simple ear piercings
41,New,necklace_types,types of necklaces,1300,0.2813,,18k | why is pure gold not suitable for making ornaments | gold tax in india | 9kt gold price | padwa meaning | 9kt gold | types of jhumkas | gold purchase on emi
