rank,action,intent,primary,volume,score,theme,slug,url,supports
1,Done,karwa_wife,karwa chauth gift for wife,9900,5.0782,Gift Guides,karwa-chauth-gift-for-wife-2026,https://blog.bluestone.com/karwa-chauth-gift-for-wife-2026/,karva chauth gift for wife | karva chauth gifts for wife
2,Done,gold_purity,how to check gold purity,5400,3.2963,How-to / Education,how-to-check-gold-purity-2026,https://blog.bluestone.com/how-to-check-gold-purity-2026/,how much gst on gold | buy gold on emi | 9 carat gold purity | 20 carat gold purity percentage | gold purity | how to check gold at home | 14 karat gold | 22 carat gold purity | why is pure gold not suitable for making ornaments | 22 carat gold purity percentage
3,Done,bangle_size,bangle size,8100,3.2923,How-to / Education,bangle-size-2026,https://blog.bluestone.com/bangle-size-2026/,ear piercing for women | ear lobe piercing | lobe piercing | gold necklace earring set | demi fine jewelry meaning | 2.2 bangle size | bangle size 2.6 | ear piercing ideas
4,Done,wedding_girls_her,wedding gifts for girls,8100,2.9403,Gift Guides,wedding-gifts-for-girls-2026,https://blog.bluestone.com/wedding-gifts-for-girls-2026/,marriage gifts for girls | marriage gift ideas | unique marriage gifts | marriage gift | gift for marriage | best gift for wedding couple | gift for bride | gift for wedding couple | gift for married girl | wedding gifts for women
5,Done,sister_birthday,birthday gift for sister ideas,9900,2.5714,Gift Guides,birthday-gift-for-sister-ideas-2026,https://blog.bluestone.com/birthday-gift-for-sister-ideas-2026/,sister birthday gift ideas | useful gift for sister on her birthday | unique birthday gifts for sister | gift for mom birthday | mom birthday gift | unique birthday gift for brother | gift for mother birthday
6,Skip-Existing,rakhi_sister,best rakhi gift for sister,9900,2.9847,Gift Guides,best-rakhi-gift-for-sister-2026,https://blog.bluestone.com/best-gift-for-sister-on-raksha-bandhan-2026/,best rakhi gift for sister | rakhi gift ideas for sister | rakhi gift suggestions
7,Skip-Existing,wedding_couple_broad,marriage gifts,9900,2.4284,Gift Guides,marriage-gifts-2026,https://blog.bluestone.com/top-8-marriage-gift-ideas-for-couples-in-2025/,marriage gift ideas | marriage gift ideas india | gift for wedding | unique marriage gifts | marriage gift | gift for marriage | gifts for wedding | best wedding gift | wedding gift for couple | luxury wedding gifts for couple | unique gift for newly married couple | indian wedding gifts for couples
8,New,gst_gold,gst on gold jewellery,9900,2.4039,How-to / Education,gst-on-gold-jewellery-2026,,ear piercing for women | ear lobe piercing | lobe piercing | gold necklace earring set | demi fine jewelry meaning | 2.2 bangle size | bangle size 2.6 | ear piercing ideas | gold gst rate in india | gold tax rate | what is the gst for gold
9,New,fathers_day_gift,father's day gift ideas,6600,2.2267,Gift Guides,fathers-day-gift-ideas-2027,,father's day gift ideas | gifts for father
10,New,demi_fine,demi fine jewelry,6600,2.166,Design Listicles,demi-fine-jewelry-2026,,ear piercing for women | ear lobe piercing | lobe piercing | gold necklace earring set | demi fine jewelry meaning | 2.2 bangle size | bangle size 2.6 | ear piercing ideas
11,New,wedding_friend,wedding gift for best friend,6600,2.0766,Gift Guides,wedding-gift-for-best-friend-2026,,wedding gifts for friends | marriage gift for friend | wedding gift for best friend female | useful wedding gifts for friends | useful wedding gift for friend | gift for friend marriage | friend marriage gift ideas | marriage gift ideas
12,New,name_ring,name ring design,5400,2.0647,Design Listicles,name-ring-design-2026,,diamond cocktail rings | single stone ring | how to measure ring size at home | finger ring size chart | 6 cm ring size | ring ear piercing | ear piercing for women | ear lobe piercing
13,New,secret_santa,gift suggestions for secret santa,4400,2.0492,Gift Guides,gift-suggestions-for-secret-santa-2026,,secret santa gift suggestions | best secret santa presents | best secret santa gifts | good secret santa gifts | secret santa gift ideas
14,New,anniversary_parents,anniversary gift for parents,8100,1.9868,Gift Guides,anniversary-gift-for-parents-2026,,anniversary gifts for parents | best anniversary gift for parents | useful anniversary gifts for parents | useful gifts for parents anniversary from daughter | gifts for parents anniversary | best anniversary gift for mom and dad | anniversary gift for mom and dad | marriage anniversary gifts for parents | best gift for mom dad anniversary
15,New,ear_saree,earrings for saree,8100,1.734,Design Listicles,earrings-for-saree-2026,,ear piercing for women | ear lobe piercing | lobe piercing | gold necklace earring set | demi fine jewelry meaning | 2.2 bangle size | bangle size 2.6 | ear piercing ideas | earrings for gown
16,New,upper_ear,upper ear earrings,8100,1.5908,Design Listicles,upper-ear-earrings-2026,,upper lobe earrings | hypoallergenic earrings | nose piercing types | diamond earrings for kids | earrings for upper piercing | upper earrings for women | earrings for saree | upper ear piercing | top ear piercing | side ear piercing | types of ear piercing | piercing names
17,New,9k_gold,9 karat gold,6600,1.5732,How-to / Education,9-karat-gold-2026,,how much gst on gold | buy gold on emi | 9 carat gold purity | 20 carat gold purity percentage | gold purity | how to check gold at home | 14 karat gold | 22 carat gold purity | 18 karat gold | 14k gold
18,New,valentine_husband,valentine day gift for husband,5400,1.5629,Gift Guides,valentine-day-gift-for-husband-2027,,unique valentine gift for husband
19,New,ring_size,how to measure ring size at home,3600,1.516,How-to / Education,how-to-measure-ring-size-at-home-2026,,ear piercing for women | ear lobe piercing | lobe piercing | gold necklace earring set | demi fine jewelry meaning | 2.2 bangle size | bangle size 2.6 | ear piercing ideas | finger ring size chart
20,New,10g_necklace,10 gram gold necklace,6600,1.5138,Design Listicles,10-gram-gold-necklace-2026,,ear piercing for women | ear lobe piercing | lobe piercing | gold necklace earring set | demi fine jewelry meaning | 2.2 bangle size | bangle size 2.6 | ear piercing ideas | simplegold necklace designs in 10 grams
21,New,mothers_day_gift,top 10 mother's day gift ideas,2400,1.4531,Gift Guides,top-10-mothers-day-gift-ideas-2027,,top 10 mother's day gift ideas | best mother's day gifts | mothers day gift ideas for indian mom | mom's day ideas
22,New,wedding_bride,wedding day gift for bride,4400,1.3855,Gift Guides,wedding-day-gift-for-bride-2026,,gifts for bride | bridal gift ideas | gift for bride | wedding gift for bride | wedding gifts for bride | bride to be gifts | useful gifts for bride | wedding gifts for bride from friend
23,New,sister_birthday,useful gift for sister on her birthday,4400,1.3844,Gift Guides,useful-gift-for-sister-on-her-birthday-2026,,sister birthday gift ideas | gift for mom birthday | mom birthday gift | unique birthday gift for brother | gift for mother birthday | unique birthday gifts for sister
24,New,gift_sister_general,best gift for sister,5400,1.3225,Gift Guides,best-gift-for-sister-2026,,gift ideas for sister | best gift for husband on valentine's day | unique gifts for sister | mum gifts | useful gifts for sister
25,New,new_mom,new mother gifts,4400,1.2951,Gift Guides,new-mother-gifts-2027,,new mother gifts | gifts for new moms
26,New,bangles_design,latest gold bangles design,8100,1.2264,Design Listicles,latest-gold-bangles-design-2026,,bangle size | 2.6 bangle size in cm | 2.2 bangle size | how to find bangle size | bangle size 2.6 | 2.8 bangle size in cm | ear piercing for women | ear lobe piercing
27,New,unique:wedding gift,marriage gift,5400,1.1688,Gift Guides,marriage-gift-2026,,marriage gift
28,New,first_night_wife,first night gift for wife,4400,1.1537,Gift Guides,first-night-gift-for-wife-2026,,gift ideas for sister | best gift for husband on valentine's day
29,New,mom_birthday,useful birthday gifts for mom,5400,1.1227,Gift Guides,useful-birthday-gifts-for-mom-2026,,useful gifts for mom birthday in india | mom birthday gift | birthday gift for mother | gift for mom birthday | gift for mother birthday | gifts for mom on her birthday | sister birthday gift ideas | unique birthday gift for brother
30,New,friendship_gift,friendship day gifts for best friend,1900,1.006,Gift Guides,friendship-day-gifts-for-best-friend-2026,,friendship day gifts for best friend
31,New,ganesh_pendant,ganesh pendant gold,4400,0.9931,Design Listicles,ganesh-pendant-gold-2026,,heavy gold chain designs for mens | ganpati pendant | 22k gold chain in length 20.00 inches | 10 gram gold necklace | hand mangalsutra design | heart shaped pendant in gold | gold necklace designs in 10 grams with price | simplegold necklace designs in 10 grams
32,New,unique:gifts for wedding,gifts for wedding,2900,0.9784,Gift Guides,gifts-for-wedding-2026,,gifts for wedding
33,New,unique:best wedding gift,best wedding gift,2400,0.9409,Gift Guides,best-wedding-gift-2026,,best wedding gift
34,New,buy_gold_day,best day to buy gold,1900,0.9171,How-to / Education,best-day-to-buy-gold-2026,,how to check gold purity | 9 karat gold | 22 carat gold purity percentage | 9 carat gold purity | gst on gold ornaments | gst on gold purchase | 20 carat gold purity percentage | gold purity check
35,New,cocktail_ring,diamond cocktail rings,2400,0.8274,Design Listicles,diamond-cocktail-rings-2026,,ear piercing for women | ear lobe piercing | lobe piercing | gold necklace earring set | demi fine jewelry meaning | 2.2 bangle size | bangle size 2.6 | ear piercing ideas
36,New,single_stone,single stone ring,2400,0.7681,Design Listicles,single-stone-ring-2026,,ear piercing for women | ear lobe piercing | lobe piercing | gold necklace earring set | demi fine jewelry meaning | 2.2 bangle size | bangle size 2.6 | ear piercing ideas
37,New,gift_mom_general,gift for mom,3600,0.7484,Gift Guides,gift-for-mom-2026,,gift for mummy | gift ideas for sister | best gift for husband on valentine's day | gifts for parents | gifts for mother
38,New,akshaya,gold akshaya tritiya,4400,0.7302,Gift Guides,gold-akshaya-tritiya-2026,,gold akshaya tritiya
39,New,brother_birthday,gift for brother birthday,2400,0.718,Gift Guides,gift-for-brother-birthday-2026,,unique birthday gift for brother | sister birthday gift ideas | gift for mom birthday | mom birthday gift | gift for mother birthday | unique birthday gifts for sister
40,New,unique:gift for mummy,gift for mummy,1900,0.6944,Gift Guides,gift-for-mummy-2026,,gift for mummy
41,New,lotus,lotus jewelry,2900,0.6134,Design Listicles,lotus-jewelry-2026,,gst on gold jewellery | demi fine jewelry | demi fine jewelry meaning | demi fine jewellery | jewellery gst | gst on jewellery | demi fine jewelry brands | gst rate on gold jewellery 2022
42,New,hypoallergenic,hypoallergenic earrings,1900,0.5829,Design Listicles,hypoallergenic-earrings-2026,,ear piercing for women | ear lobe piercing | lobe piercing | gold necklace earring set | demi fine jewelry meaning | 2.2 bangle size | bangle size 2.6 | ear piercing ideas
43,New,unique:best anniversary gift for mom and dad,best anniversary gift for mom and dad,1900,0.5747,Gift Guides,best-anniversary-gift-for-mom-and-dad-2026,,best anniversary gift for mom and dad
44,New,nose_piercing,nose piercing types,2900,0.5488,Design Listicles,nose-piercing-types-2026,,ear piercing for women | ear lobe piercing | lobe piercing | gold necklace earring set | demi fine jewelry meaning | 2.2 bangle size | bangle size 2.6 | ear piercing ideas
45,New,unique:gift ideas for sister,gift ideas for sister,1600,0.471,Gift Guides,gift-ideas-for-sister-2026,,gift ideas for sister
46,New,valentine_girlfriend,best valentines gifts for girlfriend,1900,0.4668,Gift Guides,best-valentines-gifts-for-girlfriend-2026,,22 carat gold hallmark | 24 carat gold hallmark | gold gst percentage | hallmark gold sign | gold purchase on emi | gold carat list | 9kt gold | simple ear piercings
47,New,kids_earrings,diamond earrings for kids,1300,0.4557,Design Listicles,diamond-earrings-for-kids-2026,,ear piercing for women | ear lobe piercing | lobe piercing | gold necklace earring set | demi fine jewelry meaning | 2.2 bangle size | bangle size 2.6 | ear piercing ideas
48,New,mens_chain,heavy gold chain designs for mens,1300,0.4482,Design Listicles,heavy-gold-chain-designs-for-mens-2026,,ear piercing for women | ear lobe piercing | lobe piercing | gold necklace earring set | demi fine jewelry meaning | 2.2 bangle size | bangle size 2.6 | ear piercing ideas
49,New,unique:earrings for upper piercing,earrings for upper piercing,1600,0.4299,Design Listicles,earrings-for-upper-piercing-2026,,earrings for upper piercing
50,New,unique:anniversary gift for mom and dad,anniversary gift for mom and dad,1900,0.4164,Gift Guides,anniversary-gift-for-mom-and-dad-2026,,anniversary gift for mom and dad
51,New,unique:best gift for husband on valentines day,best gift for husband on valentine's day,1600,0.4144,Gift Guides,best-gift-for-husband-on-valentines-day-2027,,best gift for husband on valentine's day
52,New,unique:gifts for mom on her birthday,gifts for mom on her birthday,1600,0.3682,Gift Guides,gifts-for-mom-on-her-birthday-2026,,gifts for mom on her birthday
53,New,teen_bracelet,bracelets for teenage girl,1300,0.2848,Gift Guides,bracelets-for-teenage-girl-2026,,22 carat gold hallmark | 24 carat gold hallmark | gold gst percentage | hallmark gold sign | gold purchase on emi | gold carat list | 9kt gold | simple ear piercings
54,New,necklace_types,types of necklaces,1300,0.2813,Gift Guides,types-of-necklaces-2026,,18k | why is pure gold not suitable for making ornaments | gold tax in india | 9kt gold price | padwa meaning | 9kt gold | types of jhumkas | gold purchase on emi
