rank,primary,volume,kd,score,theme,slug
1,happy holi wishes in english,3600,11,3.7447,Wishes - Festival Day,happy-holi-wishes-in-english-2027
2,children's day quotes in english,3600,14,3.3904,Wishes - Occasion/People,childrens-day-quotes-in-english-2027
3,propose shayari in english,2400,12,2.8483,Quotes/Messages/Status,propose-shayari-in-english-2027
4,engagement wishes for sister,5400,21,2.7683,Wishes - Occasion/People,engagement-wishes-for-sister-2026
5,diwali wishes for husband,5400,19,2.4744,Wishes - Festival Day,diwali-wishes-for-husband-2026
6,happy diwali wishes for friends,6600,22,2.4272,Wishes - Festival Day,happy-diwali-wishes-for-friends-2026
7,ganpati captions for instagram,2900,13,2.3479,Quotes/Messages/Status,ganpati-captions-for-instagram-2026
8,maa ke liye best line in english,3600,17,2.3389,Quotes/Messages/Status,maa-ke-liye-best-line-in-english-2026
9,raksha bandhan quotes for sister,3600,18,2.1706,Wishes - Festival Day,raksha-bandhan-quotes-for-sister-2026
10,unique diwali quotes in english,4400,18,2.0407,Wishes - Festival Day,unique-diwali-quotes-in-english-2026
11,ganesh chaturthi wishes in kannada,3600,18,1.7889,Wishes - Festival Day,ganesh-chaturthi-wishes-in-kannada-2026
12,inspirational teachers day quotes,5400,27,1.7528,Wishes - Occasion/People,inspirational-teachers-day-quotes-2026
13,ganesh invitation message,2400,14,1.7387,Wishes - Festival Day,ganesh-invitation-message-2026
14,republic day quotes in english,2900,19,1.7275,Wishes - Festival Day,republic-day-quotes-in-english-2027
15,children's day quotes for students,2900,17,1.6329,Wishes - Occasion/People,childrens-day-quotes-for-students-2027
16,inspirational independence day quotes,3600,23,1.6101,Wishes - Festival Day,inspirational-independence-day-quotes-2026
17,valentine week happy propose day quotes,2900,19,1.5946,Wishes - Festival Day,valentine-week-happy-propose-day-quotes-2027
18,finally engaged quotes,2900,19,1.5946,Wishes - Occasion/People,finally-engaged-quotes-2026
19,rakhi message for long distance brother,2400,18,1.5504,Wishes - Festival Day,rakhi-message-for-long-distance-brother-2026
20,heart touching women's day quotes,4400,23,1.5138,Wishes - Occasion/People,heart-touching-womens-day-quotes-2027
21,heart touching love proposal quotes,2900,21,1.4867,Wishes - Festival Day,heart-touching-love-proposal-quotes-2027
22,engagement wishes for brother,2900,20,1.4765,Wishes - Occasion/People,engagement-wishes-for-brother-2026
23,raksha bandhan caption for instagram,2900,18,1.4411,Quotes/Messages/Status,raksha-bandhan-caption-for-instagram-2026
24,proposal lines for bf,2400,18,1.4312,Quotes/Messages/Status,proposal-lines-for-bf-2027
25,propose a boy,1600,14,1.391,Wishes - Festival Day,propose-a-boy-2027
26,eid greetings for friends,1600,14,1.391,Wishes - Festival Day,eid-greetings-for-friends-2026
27,special person happy eid mubarak wishes,5400,28,1.3831,Wishes - Festival Day,special-person-happy-eid-mubarak-wishes-2026
28,ganpati quotes in english,1900,16,1.3519,Wishes - Festival Day,ganpati-quotes-in-english-2026
29,janmashtami quotes english,1900,17,1.3373,Wishes - Festival Day,janmashtami-quotes-english-2026
30,diwali well wishes,4400,27,1.333,Wishes - Festival Day,diwali-well-wishes-2026
31,how to wish for engagement,2400,19,1.3197,Wishes - Occasion/People,how-to-wish-for-engagement-2026
32,happy children's day wishes from teachers,3600,23,1.2881,Wishes - Occasion/People,happy-childrens-day-wishes-from-teachers-2027
33,ramadan mubarak quotes,2900,22,1.2798,Wishes - Festival Day,ramadan-mubarak-quotes-2026
34,some lines on teachers day,3600,27,1.2659,Quotes/Messages/Status,some-lines-on-teachers-day-2026
35,eid wishes in arabic,4400,26,1.2595,Wishes - Festival Day,eid-wishes-in-arabic-2026
36,diwali wishes in english 2 lines,3600,23,1.2386,Quotes/Messages/Status,diwali-wishes-in-english-2-lines-2026
37,rakhee messages,2400,20,1.2355,Wishes - Festival Day,rakhee-messages-2026
38,powerful ganesh quotes life,1900,17,1.2344,Wishes - Festival Day,powerful-ganesh-quotes-life-2026
39,inspirational janmashtami quotes in english,1900,17,1.2344,Wishes - Festival Day,inspirational-janmashtami-quotes-in-english-2026
40,new year shayari in english,2900,23,1.1973,Quotes/Messages/Status,new-year-shayari-in-english-2026
41,bijoya dashami wishes,2400,22,1.1474,Wishes - Festival Day,bijoya-dashami-wishes-2026
42,propose lines for gf,2400,22,1.1474,Quotes/Messages/Status,propose-lines-for-gf-2027
43,happy raksha wishes,2900,25,1.1445,Wishes - Festival Day,happy-raksha-wishes-2026
44,valentine quotes for friends,2900,21,1.1436,Wishes - Festival Day,valentine-quotes-for-friends-2027
45,amma quotes,3600,29,1.1372,Quotes/Messages/Status,amma-quotes-2026
46,heart touching valentines day quotes for him,2400,19,1.0997,Wishes - Festival Day,heart-touching-valentines-day-quotes-for-him-2027
47,teachers day quotes for kids,2400,23,1.0734,Wishes - Occasion/People,teachers-day-quotes-for-kids-2026
48,new year wishes for wife,2900,25,1.0565,Wishes - Festival Day,new-year-wishes-for-wife-2026
49,girlfriend propose day,1900,19,1.0563,Wishes - Festival Day,girlfriend-propose-day-2027
50,holi wishes in english for love,1600,17,1.0395,Wishes - Festival Day,holi-wishes-in-english-for-love-2027
51,best day to propose my crush,1600,17,1.0395,Wishes - Festival Day,best-day-to-propose-my-crush-2027
52,wishing happy friendship day quotes,1600,18,1.0336,Wishes - Occasion/People,wishing-happy-friendship-day-quotes-2026
53,heart touching happy mothers day quotes,1900,21,0.974,Wishes - Occasion/People,heart-touching-happy-mothers-day-quotes-2026
54,mothers day quotes from daughter,3600,27,0.9738,Wishes - Occasion/People,mothers-day-quotes-from-daughter-2026
55,new year messages for special someone,3600,27,0.9738,Wishes - Festival Day,new-year-messages-for-special-someone-2026
56,happy valentine day msg,3600,27,0.9738,Wishes - Festival Day,happy-valentine-day-msg-2027
57,friendship wishes for best friend,2900,28,0.9656,Wishes - Occasion/People,friendship-wishes-for-best-friend-2026
58,how to wish eid mubarak,1900,18,0.9442,Wishes - Festival Day,how-to-wish-eid-mubarak-2026
59,teachers day slogan,2900,27,0.9413,Quotes/Messages/Status,teachers-day-slogan-2026
60,ganapati visarjan quote,2900,27,0.9413,Quotes/Messages/Status,ganapati-visarjan-quote-2026
61,happy mother's day wishes for all moms,2900,27,0.9413,Wishes - Occasion/People,happy-mothers-day-wishes-for-all-moms-2026
62,deepawali message in english,3600,24,0.9296,Wishes - Occasion/People,deepawali-message-in-english-2026
63,eid ul fitr happy eid mubarak wishes,2400,24,0.9296,Wishes - Festival Day,eid-ul-fitr-happy-eid-mubarak-wishes-2026
64,new year wishes for best friend,3600,28,0.9221,Wishes - Festival Day,new-year-wishes-for-best-friend-2026
65,teacher day wishes in english,1900,22,0.9084,Wishes - Occasion/People,teacher-day-wishes-in-english-2026
66,engagement anniversary wishes to wife,2400,22,0.8826,Wishes - Occasion/People,engagement-anniversary-wishes-to-wife-2026
67,ganpati festival messages,1600,19,0.8798,Wishes - Occasion/People,ganpati-festival-messages-2026
68,bhaiduj message,1600,19,0.8798,Wishes - Occasion/People,bhaiduj-message-2026
69,valentines day wishes,3600,29,0.8748,Wishes - Occasion/People,valentines-day-wishes-2026
70,diwali message for teacher,1900,19,0.8706,Wishes - Festival Day,diwali-message-for-teacher-2026
71,gudi padwa wishes in marathi for husband,1300,15,0.8492,Wishes - Festival Day,gudi-padwa-wishes-in-marathi-for-husband-2027
72,engagement wishes for husband,1900,22,0.8385,Wishes - Occasion/People,engagement-wishes-for-husband-2026
73,international men's day quotes for husband,1600,18,0.8269,Wishes - Occasion/People,international-mens-day-quotes-for-husband-2027
74,engagement anniversary quotes for husband,1900,20,0.8061,Wishes - Occasion/People,engagement-anniversary-quotes-for-husband-2026
75,heart touching fathers day quotes from daughter,2400,27,0.779,Wishes - Occasion/People,heart-touching-fathers-day-quotes-from-daughter-2026
76,diwali wishes for boyfriend,1300,16,0.7708,Wishes - Festival Day,diwali-wishes-for-boyfriend-2026
77,children's day wishes from parents,1600,19,0.7625,Wishes - Occasion/People,childrens-day-wishes-from-parents-2027
78,raksha bandhan wishes for brother in english,1900,24,0.7441,Wishes - Festival Day,raksha-bandhan-wishes-for-brother-in-english-2026
79,papa quotes in english,1600,19,0.7332,Quotes/Messages/Status,papa-quotes-in-english-2026
80,friendship day 2024 wishes in hindi,1900,25,0.6922,Wishes - Occasion/People,friendship-day-wishes-in-hindi-2026
81,1st engagement anniversary wishes,2400,26,0.687,Wishes - Occasion/People,1st-engagement-anniversary-wishes-2026
82,engagement quotes in english,2400,26,0.687,Wishes - Occasion/People,engagement-quotes-in-english-2026
83,motivational dussehra quotes,1900,27,0.6681,Wishes - Festival Day,motivational-dussehra-quotes-2026
84,children's day quotes in tamil,1300,20,0.6619,Wishes - Occasion/People,childrens-day-quotes-in-tamil-2027
85,mother day caption,1900,26,0.6526,Quotes/Messages/Status,mother-day-caption-2026
86,engagement congratulations message,2400,27,0.6492,Wishes - Occasion/People,engagement-congratulations-message-2026
87,girlfriend friendship day quotes,1300,18,0.646,Wishes - Occasion/People,girlfriend-friendship-day-quotes-2026
88,26 january happy republic day wishes,1900,24,0.6378,Wishes - Festival Day,26-january-happy-republic-day-wishes-2027
89,heart touching message for mother,1900,29,0.6002,Quotes/Messages/Status,heart-touching-message-for-mother-2026
90,eid ul fitr wishes in english,2400,29,0.5832,Wishes - Festival Day,eid-ul-fitr-wishes-in-english-2026
91,happy engagement wishes to friend,1900,25,0.5768,Wishes - Occasion/People,happy-engagement-wishes-to-friend-2026
92,fathers day shayari in english,1900,29,0.554,Quotes/Messages/Status,fathers-day-shayari-in-english-2026
93,world teachers day wishes quotes,1900,29,0.554,Wishes - Occasion/People,world-teachers-day-wishes-quotes-2026
94,valentines day quotes lover,1600,23,0.5505,Wishes - Festival Day,valentines-day-quotes-lover-2027
95,meaningful father's day messages,1600,26,0.5496,Wishes - Occasion/People,meaningful-fathers-day-messages-2026
96,15 august independence day status,1600,29,0.5054,Quotes/Messages/Status,15-august-independence-day-status-2026
97,fathers day quotes from son,1900,28,0.4867,Wishes - Occasion/People,fathers-day-quotes-from-son-2026
98,valentines day message for wife,1600,25,0.4858,Wishes - Festival Day,valentines-day-message-for-wife-2027
99,new year wishes for bro,1300,23,0.4473,Wishes - Festival Day,new-year-wishes-for-bro-2026
100,husband valentines day wishes,1600,28,0.4098,Wishes - Festival Day,husband-valentines-day-wishes-2027
