rank,primary,slug,blog_url,wp_post_id,status,carousel_media,type3_media,lines,visible_words,notes
1,diamond rings,diamond-rings-2026,https://blog.bluestone.com/diamond-rings-2026/,36937,published,36931-36936,hero 36938; flatlay 36939; lifestyle 36940,115,3007,Published 2026-08-31 via buying_guide engine.
2,bracelet for girls,bracelet-for-girls-2026,https://blog.bluestone.com/bracelet-for-girls-2026/,36949,published,36943-36948,hero 36950; flatlay 36951; lifestyle 36952,120,2464,Published 2026-08-31 via buying_guide engine.
3,gold earrings for girls,gold-earrings-for-girls-2026,https://blog.bluestone.com/gold-earrings-for-girls-2026/,36964,published,36958-36963,hero 36965; flatlay 36966; lifestyle 36967,120,2580,Published 2026-08-31 via buying_guide engine.
4,evil eye bracelet,evil-eye-bracelet-2026,https://blog.bluestone.com/evil-eye-bracelet-2026/,36987,published,36981-36986,hero 36988; flatlay 36989; lifestyle 36990,125,2512,Published 2026-08-31 via buying_guide engine.
5,couple rings,couple-rings-2026,https://blog.bluestone.com/couple-rings-2026/,37004,published,36998-37003,hero 37005; flatlay 37006; lifestyle 37007,125,2490,Published 2026-08-31 via buying_guide engine.
6,pearl necklace,pearl-necklace-2026,https://blog.bluestone.com/pearl-necklace-2026/,37015,published,37009-37014,hero 37016; flatlay 37017; lifestyle 37018,120,2610,Published 2026-08-31 via buying_guide engine.
19,engagement rings for couples,engagement-rings-for-couples-2026,https://blog.bluestone.com/engagement-rings-for-couples-2026/,37205,published,"[37199, 37200, 37201, 37202, 37203, 37204]","[37206, 37207, 37208]",407,3333,"Completed by buying_guide with checkpointed WordPress, media, Type 3 generation, social metadata verification, and passed live QA."
26,unique gold earrings design,unique-gold-earrings-design-2026,https://blog.bluestone.com/unique-gold-earrings-design-2026/,37280,published,"[37274, 37275, 37276, 37277, 37278, 37279]","[37283, 37284, 37285]",420,3131,"Completed by buying_guide with checkpointed WordPress, media, Type 3 generation, social metadata verification, and passed live QA."
144,purple earrings,purple-earrings-2026,https://blog.bluestone.com/purple-earrings-2026/,38716,published,38710-38715,hero 38717; flatlay 38718; lifestyle 38719,410,2976,"Published 2026-09-11 via buying_guide engine. Comprehensive guide to purple earrings, natural amethyst/tanzanite/sapphire, 18Kt/14Kt gold pairings, BIS HUID hallmarking, ethnic and western styling frameworks, 6-card 3D coverflow carousel (38710-38715), 3 Type 3 images (The Aleena Huggie Earrings, The Nettile Huggie Earrings, The Vicky Hoop Earrings), flatlay setting windowsill-daylight, author Satyam (270271337), passed live QA."
149,statement earrings,statement-earrings-2026,https://blog.bluestone.com/statement-earrings-2026/,38783,published,38777-38782,hero 38784; flatlay 38785; lifestyle 38786,415,3172,"Published 2026-09-14 via buying_guide engine. Comprehensive guide to statement earrings, 18Kt/22K gold purities, weight engineering and earlobe support, face shape pairing, lock security, 6-card 3D coverflow carousel (38777-38782), 3 Type 3 images (The Ursa Hoop Earrings, The Rohal Huggie Earrings, The Asya Huggie Earrings), flatlay setting desk-kraft, author Satyam (270271337), passed live QA."
158,party wear earrings,party-wear-earrings-2026,https://blog.bluestone.com/party-wear-earrings-2026/,38850,published,38844-38849,hero 38851; flatlay 38852; lifestyle 38853,425,3002,"Published 2026-09-15, WP post ID 38850, year 2026, author Satyam (270271337), Yoast focus KW party wear earrings, schema OK, carousel SKUs: BIJP0686H03 (38844), BINK0363H03 (38845), BISP0427H21 (38846), BIPM0001H28 (38847), BIPN0880H218 (38848), BIIP0427H16 (38849); Type 3 SKUs: BIIP0279S08 The Aleena Huggie Earrings (hero 38851), BIIP0427H16 The Vicky Hoop Earrings (flatlay 38852), BISA0255D05 The Asya Huggie Earrings (lifestyle 38853); flatlay setting: marble-vanity; passed live QA with 3002 visible words, 0 dashes, 6 verified HTTP 200 carousel cards, and matching og:image."
168,amethyst rings,amethyst-rings-2026,https://blog.bluestone.com/amethyst-rings-2026/,38956,published,38950-38955,hero 38957; flatlay 38958; lifestyle 38959,415,3536,"Published 2026-09-15 via buying_guide engine. Comprehensive guide to amethyst rings, purple gemstone quality, 18Kt/14Kt gold settings, Mohs hardness, 6-card 3D coverflow carousel (38950-38955), 3 Type 3 images (The Malibu Ring, The Le Sommet Ring, The Jasper Band For Him), flatlay setting desk-kraft, author Satyam (270271337), passed live QA."
169,bridal gold choker designs,bridal-gold-choker-designs-2026,https://blog.bluestone.com/bridal-gold-choker-designs-2026/,38961,published,38962-38964,hero 38965; flatlay 38966; lifestyle 38967,420,4000,"Published 2026-09-15 via buying_guide engine. Comprehensive guide to bridal gold choker designs, 22Kt/18Kt purity, neckline pairing, layering rules, BIS hallmarking, 6-card 3D coverflow carousel, 3 Type 3 images (The Shubhlatika Mangalsutra Necklace, The Ailia Evil Eye Layered Necklace, The Ninetta Mangalsutra Necklace), flatlay setting festive-mantel, author Satyam (270271337), passed live QA."
170,real diamond rings,real-diamond-rings-2026,https://blog.bluestone.com/real-diamond-rings-2026/,38975,published,38969-38974,hero 38976; flatlay 38977; lifestyle 38978,522,3966,"Published 2026-09-15 via buying_guide engine. Comprehensive guide to real diamond rings, natural vs lab/simulants, 4Cs framework, 18Kt/14Kt gold security, SGL/IGI verification, 6-card 3D coverflow carousel (38969-38974), 3 Type 3 images (The Anya Ring, The Luvee Highway Ring, The Interlink Band Ring), flatlay setting study-desk, author Satyam (270271337), passed live QA."
178,finger rings for girls,finger-rings-for-girls-2026,https://blog.bluestone.com/finger-rings-for-girls-2026/,39077,published,39071-39076,hero 39078; flatlay 39079; lifestyle 39080,425,3510,"Published 2026-09-16 via buying_guide engine. Comprehensive guide to finger rings for girls, 18K/14K gold purity, BIS 3-mark hallmarking, ring finger placement & symbolism, band ergonomics & safe settings, 6-card 3D coverflow carousel (39071-39076), 3 Type 3 images (The Anya Ring, The Quinn Ring, The Rafia Ring), flatlay setting marble-vanity, author Satyam (270271337), passed live QA."
