Design Code,Design Name,GenderTag,DesignCategory,height_mm,width_mm,size_prompt_note,ItemCategory,sellingPrice,Image link,Link,designPageURL,design_sizes,seo_image_path_hint
BENS0325O09,The Tarentella Oval Bangle,Female,Bangles,60.62,12.9,face_height_mm=60.62; face_width_mm=12.9,Diamond Studded,"377,776.00","https://kinclimg1.bluestone.com/f_jpg,c_scale,w_1024,b_rgb:f0f0f0/giproduct/BENS0325O09_YAA18DIG6XXXXXXXX_ABCD00-PICS-00002-1024-24681.png",https://www.bluestone.com/bangles/the-tarentella-oval-bangle~31547.html,https://www.bluestone.com/bangles/the-tarentella-oval-bangle~31547.html,,ProductImages/seo images/Bangles/The Tarentella Oval Bangle.png
BIAB0503R03,The Rafia Ring,Female,Rings,20.92,9.23,face_height_mm=20.92; face_width_mm=9.23,Diamond Studded,"69,246.00","https://kinclimg5.bluestone.com/f_jpg,c_scale,w_1024,b_rgb:f0f0f0/giproduct/BIAB0503R03_YAA18DIG6XXXXXXXX_ABCD00-PICS-00001-1024-42032.png",https://www.bluestone.com/rings/the-rafia-ring~53638.html,https://www.bluestone.com/rings/the-rafia-ring~53638.html,,ProductImages/seo images/Rings/The Rafia Ring.png
BIAR0097R04,The Anya Ring,Female,Rings,20.57,6.28,face_height_mm=20.57; face_width_mm=6.28,Diamond Studded,"57,236.00","https://kinclimg1.bluestone.com/f_jpg,c_scale,w_1024,b_rgb:f0f0f0/giproduct/BIAR0097R04_YAA18DIG6XXXXXXXX_ABCD00-PICS-00001-1024-71145.png",https://www.bluestone.com/rings/the-anya-ring~7515.html,https://www.bluestone.com/rings/the-anya-ring~7515.html,,ProductImages/seo images/Rings/The Anya Ring.png
BIAR0097R07,The Liza ring,Female,Rings,21.56,7.91,face_height_mm=21.56; face_width_mm=7.91,Diamond Studded,"82,528.00","https://kinclimg3.bluestone.com/f_jpg,c_scale,w_1024,b_rgb:f0f0f0/giproduct/BIAR0097R07_YAA18DIG4XXXXXXXX_ABCD00-PICS-00001-1024-64632.png",https://www.bluestone.com/rings/the-liza-ring~7623.html,https://www.bluestone.com/rings/the-liza-ring~7623.html,,ProductImages/seo images/Rings/The Liza ring.png
BIAR0097R16,The Quinn Ring,Female,Rings,21.6,7.84,face_height_mm=21.6; face_width_mm=7.84,Diamond Studded,"108,992.00","https://kinclimg7.bluestone.com/f_jpg,c_scale,w_1024,b_rgb:f0f0f0/giproduct/BIAR0097R16_YAA18DIG6XXXXXXXX_ABCD00-PICS-00001-1024-66184.png",https://www.bluestone.com/rings/the-quinn-ring~57845.html,https://www.bluestone.com/rings/the-quinn-ring~57845.html,,ProductImages/seo images/Rings/The Quinn Ring.png
BIAV0865V24,The Pervinca Charm Holder Bracelet,Female,Bracelets,177.8,4.67,"length_mm=177.8; cross_section_or_width_mm=4.67; use width for worn-scale, length as bracelet span",Gemstone Studded,"18,972.00","https://kinclimg5.bluestone.com/f_jpg,c_scale,w_1024,b_rgb:f0f0f0/giproduct/BIAV0865V24_YAA14AMETXXXXXXXX_ABCD00-PICS-00000-1024-71416.png",https://www.bluestone.com/bracelets/the-pervinca-charm-holder-bracelet~103133.html,https://www.bluestone.com/bracelets/the-pervinca-charm-holder-bracelet~103133.html,,ProductImages/seo images/Bracelets/The Pervinca Charm Holder Bracelet.png
BIAV0865V25,The Malocchio Charm Holder Bracelet,Female,Bracelets,177.8,6.36,"length_mm=177.8; cross_section_or_width_mm=6.36; use width for worn-scale, length as bracelet span",Gemstone Studded,"34,931.00","https://kinclimg5.bluestone.com/f_jpg,c_scale,w_1024,b_rgb:f0f0f0/giproduct/BIAV0865V25_YAA18BEEYXXXXXXXX_ABCD00-PICS-00000-1024-71691.png",https://www.bluestone.com/bracelets/the-malocchio-charm-holder-bracelet~95653.html,https://www.bluestone.com/bracelets/the-malocchio-charm-holder-bracelet~95653.html,,ProductImages/seo images/Bracelets/The Malocchio Charm Holder Bracelet.png
BIAV0987N78,The Ailia Evil Eye Layered Necklace,Female,Necklaces,7.45,7.45,face_height_mm=7.45; face_width_mm=7.45,Diamond Studded,"75,816.00","https://kinclimg7.bluestone.com/f_jpg,c_scale,w_1024,b_rgb:f0f0f0/giproduct/BIAV0987N78_YAA18DIG6SYBSSYSB_ABCD00-PICS-00003-1024-121878.png",https://www.bluestone.com/necklaces/the-ailia-evil-eye-layered-necklace~116379.html,https://www.bluestone.com/necklaces/the-ailia-evil-eye-layered-necklace~116379.html,,ProductImages/seo images/Necklaces/The Ailia Evil Eye Layered Necklace.png
BIAV1005V201,The Novare Evil Eye Kids Nazariya Bracelet,Kids,Kids Bracelets,6,127,"length_mm=127.0; cross_section_or_width_mm=6.0; use width for worn-scale, length as bracelet span",Gemstone Studded,"10,298.00","https://kinclimg4.bluestone.com/f_jpg,c_scale,w_1024,b_rgb:f0f0f0/giproduct/BIAV1005V201_YAA14BEEYXXXXXXXX_ABCD00-PICS-00000-1024-115872.png",https://www.bluestone.com/kids+bracelets/the-novare-evil-eye-kids-nazariya-bracelet~173235.html,https://www.bluestone.com/kids+bracelets/the-novare-evil-eye-kids-nazariya-bracelet~173235.html,,ProductImages/seo images/Kids Bracelets/The Novare Evil Eye Kids Nazariya Bracelet.png
BIAV1037C17,The Ruan Cuban Diamond Chain,Male,Chains,6.42,2.25,face_height_mm=6.42; face_width_mm=2.25,Diamond Studded,"574,233.00","https://kinclimg0.bluestone.com/f_jpg,c_scale,w_1024,b_rgb:f0f0f0/giproduct/BIAV1037C17_YAA18DIG6XXXXXXXX_ABCD00-PICS-00003-1024-119354.png",https://www.bluestone.com/chains/the-ruan-cuban-diamond-chain~165221.html,https://www.bluestone.com/chains/the-ruan-cuban-diamond-chain~165221.html,,ProductImages/seo images/Chains/The Ruan Cuban Diamond Chain.png
BIDG0393O37,The Estrella Oval Bangle,Female,Bangles,50.19,7.1,face_height_mm=50.19; face_width_mm=7.1,Diamond Studded,"181,872.00","https://kinclimg1.bluestone.com/f_jpg,c_scale,w_1024,b_rgb:f0f0f0/giproduct/BIDG0393O37_YAA18DIG6XXXXXXXX_ABCD00-PICS-00002-1024-28014.png",https://www.bluestone.com/bangles/the-estrella-oval-bangle~34771.html,https://www.bluestone.com/bangles/the-estrella-oval-bangle~34771.html,,ProductImages/seo images/Bangles/The Estrella Oval Bangle.png
BIEK1005V227,The Winkoo Kids Evil Eye Bracelet,Kids,Kids Bracelets,8,8,face_height_mm=8.0; face_width_mm=8.0,Gemstone Studded,"15,450.00","https://kinclimg0.bluestone.com/f_jpg,c_scale,w_1024,b_rgb:f0f0f0/giproduct/BIEK1005V227_YAA14GEEYXXXXXXXX_ABCD00-PICS-00000-1024-119353.png",https://www.bluestone.com/kids+bracelets/the-winkoo-kids-evil-eye-bracelet~181193.html,https://www.bluestone.com/kids+bracelets/the-winkoo-kids-evil-eye-bracelet~181193.html,,ProductImages/seo images/Kids Bracelets/The Winkoo Kids Evil Eye Bracelet.png
BIHM1002V07,The Protector Evil Eye Rakhi,Male,Adjustable Bracelets,9.8,10.21,face_height_mm=9.8; face_width_mm=10.21,Plain Gold,"8,863.00","https://kinclimg4.bluestone.com/f_jpg,c_scale,w_1024,b_rgb:f0f0f0/giproduct/BIHM1002V07_YAA14XXXXXXXXXXXX_ABCD00-PICS-00000-1024-80608.png",https://www.bluestone.com/adjustable+bracelets/the-protector-evil-eye-rakhi~114521.html,https://www.bluestone.com/adjustable+bracelets/the-protector-evil-eye-rakhi~114521.html,,ProductImages/seo images/Adjustable Bracelets/The Protector Evil Eye Rakhi.png
BIHS1145P21,The Valeria Rose Pendant,Female,Pendants,21,15.1,face_height_mm=21.0; face_width_mm=15.1,Diamond Studded,"67,976.00","https://kinclimg2.bluestone.com/f_jpg,c_scale,w_1024,b_rgb:f0f0f0/giproduct/BIHS1145P21_RAA18DIG6XXXXXXXX_ABCD00-PICS-00004-1024-119073.png",https://www.bluestone.com/pendants/the-valeria-rose-pendant~181266.html,https://www.bluestone.com/pendants/the-valeria-rose-pendant~181266.html,,ProductImages/seo images/Pendants/The Valeria Rose Pendant.png
BIIP0090R24,The Ebony Ring,Female,Rings,20.56,18.35,face_height_mm=20.56; face_width_mm=18.35,Diamond Studded,"140,159.00","https://kinclimg9.bluestone.com/f_jpg,c_scale,w_1024,b_rgb:f0f0f0/giproduct/BIIP0090R24_RAA18DIG6XXXXXXXX_ABCD00-PICS-00001-1024-80790.png",https://www.bluestone.com/rings/the-ebony-ring~9686.html,https://www.bluestone.com/rings/the-ebony-ring~9686.html,,ProductImages/seo images/Rings/The Ebony Ring.png
BIIP0279S08,The Aleena Huggie Earrings,Female,Earrings,17.23,9.5,face_height_mm=17.23; face_width_mm=9.5,Diamond Studded,"111,547.00","https://kinclimg7.bluestone.com/f_jpg,c_scale,w_1024,b_rgb:f0f0f0/giproduct/BIIP0279S08_RAA18DIG6SYRUXXXX_ABCD00-PICS-00004-1024-79495.png",https://www.bluestone.com/earrings/the-aleena-huggie-earrings~16735.html,https://www.bluestone.com/earrings/the-aleena-huggie-earrings~16735.html,,ProductImages/seo images/Earrings/The Aleena Huggie Earrings.png
BIIP0427H16,The Vicky Hoop Earrings,Female,Earrings,14.75,6.04,face_height_mm=14.75; face_width_mm=6.04,Diamond Studded,"101,570.00","https://kinclimg4.bluestone.com/f_jpg,c_scale,w_1024,b_rgb:f0f0f0/giproduct/BIIP0427H16_YAA18DIG6XXXXXXXX_ABCD00-PICS-00004-1024-76610.png",https://www.bluestone.com/earrings/the-vicky-hoop-earrings~35071.html,https://www.bluestone.com/earrings/the-vicky-hoop-earrings~35071.html,,ProductImages/seo images/Earrings/The Vicky Hoop Earrings.png
BIIP0550P16,The Aagarna Pendant,Female,Pendants,20.31,13.41,face_height_mm=20.31; face_width_mm=13.41,Diamond Studded,"28,113.00","https://kinclimg8.bluestone.com/f_jpg,c_scale,w_1024,b_rgb:f0f0f0/giproduct/BIIP0550P16_YAA14DIG6SYEMXXXX_ABCD00-PICS-00004-1024-42508.png",https://www.bluestone.com/pendants/the-aagarna-pendant~54965.html,https://www.bluestone.com/pendants/the-aagarna-pendant~54965.html,,ProductImages/seo images/Pendants/The Aagarna Pendant.png
BIJP0686H03,The Faliha Purse Hoop Earrings,Female,Earrings,13.86,13.12,face_height_mm=13.86; face_width_mm=13.12,Diamond Studded,"105,475.00","https://kinclimg9.bluestone.com/f_jpg,c_scale,w_1024,b_rgb:f0f0f0/giproduct/BIJP0686H03_YAA18DIG4XXXXXXXX_ABCD00-PICS-00004-1024-84306.png",https://www.bluestone.com/earrings/the-faliha-purse-hoop-earrings~73262.html,https://www.bluestone.com/earrings/the-faliha-purse-hoop-earrings~73262.html,,ProductImages/seo images/Earrings/The Faliha Purse Hoop Earrings.png
BIJP0992R60,The Yuthika Highway Ring,Female,Rings,22.62,15.07,face_height_mm=22.62; face_width_mm=15.07,Diamond Studded,"217,803.00","https://kinclimg3.bluestone.com/f_jpg,c_scale,w_1024,b_rgb:f0f0f0/giproduct/BIJP0992R60_WAA18DIG6XXXXXXXX_ABCD00-PICS-00001-1024-93003.png",https://www.bluestone.com/rings/the-yuthika-highway-ring~131078.html,https://www.bluestone.com/rings/the-yuthika-highway-ring~131078.html,,ProductImages/seo images/Rings/The Yuthika Highway Ring.png
BIJP0993R123,The Viperine Twist Ring,Female,Rings,22.21,9.68,face_height_mm=22.21; face_width_mm=9.68,Plain Gold,"68,296.00","https://kinclimg9.bluestone.com/f_jpg,c_scale,w_1024,b_rgb:f0f0f0/giproduct/BIJP0993R123_YAA18XXXXXXXXXXXX_ABCD00-PICS-00001-1024-95211.png",https://www.bluestone.com/rings/the-viperine-twist-ring~124507.html,https://www.bluestone.com/rings/the-viperine-twist-ring~124507.html,,ProductImages/seo images/Rings/The Viperine Twist Ring.png
BIKR0987P33,The Talisman Evil Eye Pendant For Him,Male,Pendants,38.3,19.73,face_height_mm=38.3; face_width_mm=19.73,Diamond Studded,"134,780.00","https://kinclimg1.bluestone.com/f_jpg,c_scale,w_1024,b_rgb:f0f0f0/giproduct/BIKR0987P33_YAA18DIG6BLTOSIG7_ABCD00-PICS-00004-1024-80312.png",https://www.bluestone.com/pendants/the-talisman-evil-eye-pendant-for-him~115385.html,https://www.bluestone.com/pendants/the-talisman-evil-eye-pendant-for-him~115385.html,,ProductImages/seo images/Pendants/The Talisman Evil Eye Pendant For Him.png
BIKR0987V33,The Talisman Evil Eye Steel Bracelet,Male,Adjustable Bracelets,10.8,18.61,face_height_mm=10.8; face_width_mm=18.61,Diamond Studded,"53,272.00","https://kinclimg1.bluestone.com/f_jpg,c_scale,w_1024,b_rgb:f0f0f0/giproduct/BIKR0987V33_YAA18DIG6SIG8STSS_ABCD00-PICS-00000-1024-80652.png",https://www.bluestone.com/adjustable+bracelets/the-talisman-evil-eye-steel-bracelet~116807.html,https://www.bluestone.com/adjustable+bracelets/the-talisman-evil-eye-steel-bracelet~116807.html,,ProductImages/seo images/Adjustable Bracelets/The Talisman Evil Eye Steel Bracelet.png
BIKR0993R117,The Luvee Highway Ring,Female,Rings,20.94,7.38,face_height_mm=20.94; face_width_mm=7.38,Plain Gold,"78,561.00","https://kinclimg0.bluestone.com/f_jpg,c_scale,w_1024,b_rgb:f0f0f0/giproduct/BIKR0993R117_YAA22XXXXXXXXXXXX_ABCD00-PICS-00001-1024-89188.png",https://www.bluestone.com/rings/the-luvee-highway-ring~123242.html,https://www.bluestone.com/rings/the-luvee-highway-ring~123242.html,,ProductImages/seo images/Rings/The Luvee Highway Ring.png
BIMA0780C29,The Yosni Mangalsutra,Female,Mangalsutra Chains,166,128,face_height_mm=166.0; face_width_mm=128.0,Diamond Studded,"121,258.00","https://kinclimg1.bluestone.com/f_jpg,c_scale,w_1024,b_rgb:f0f0f0/giproduct/BIMA0780C29_YAA18DIG6XXXXXXXX_ABCD00-PICS-00004-1024-56316.png",https://www.bluestone.com/mangalsutra+chains/the-yosni-mangalsutra~81520.html,https://www.bluestone.com/mangalsutra+chains/the-yosni-mangalsutra~81520.html,,ProductImages/seo images/Mangalsutra Chains/The Yosni Mangalsutra.png
BIMA0780C53,The Casma Mangalsutra,Female,Mangalsutra Chains,14.13,15.18,face_height_mm=14.13; face_width_mm=15.18,Diamond Studded,"72,833.00","https://kinclimg7.bluestone.com/f_jpg,c_scale,w_1024,b_rgb:f0f0f0/giproduct/BIMA0780C53_YAA14DIG6XXXXXXXX_ABCD00-PICS-00004-1024-66299.png",https://www.bluestone.com/mangalsutra+chains/the-casma-mangalsutra~93030.html,https://www.bluestone.com/mangalsutra+chains/the-casma-mangalsutra~93030.html,,ProductImages/seo images/Mangalsutra Chains/The Casma Mangalsutra.png
BIMA1081C01,The Yeijah Mangaslsutra Necklace,Female,Mangalsutra Chains,11.9,11.9,face_height_mm=11.9; face_width_mm=11.9,Diamond Studded,"152,901.00","https://kinclimg1.bluestone.com/f_jpg,c_scale,w_1024,b_rgb:f0f0f0/giproduct/BIMA1081C01_YAA18DIG6XXXXXXXX_ABCD00-PICS-00004-1024-111801.png",https://www.bluestone.com/mangalsutra+chains/the-yeijah-mangaslsutra-necklace~163411.html,https://www.bluestone.com/mangalsutra+chains/the-yeijah-mangaslsutra-necklace~163411.html,,ProductImages/seo images/Mangalsutra Chains/The Yeijah Mangaslsutra Necklace.png
BIMG0635V45,The Shining Star Bracelet,Female,Bracelets,9.5,152.4,"length_mm=152.4; cross_section_or_width_mm=9.5; use width for worn-scale, length as bracelet span",Plain Gold,"24,655.00","https://kinclimg5.bluestone.com/f_jpg,c_scale,w_1024,b_rgb:f0f0f0/giproduct/BIMG0635V45_YAA18XXXXXXXXXXXX_ABCD00-PICS-00000-1024-47150.png",https://www.bluestone.com/bracelets/the-shining-star-bracelet~63731.html,https://www.bluestone.com/bracelets/the-shining-star-bracelet~63731.html,,ProductImages/seo images/Bracelets/The Shining Star Bracelet.png
BINK0363B03,The Skein Bangle,Female,Bangles,51.51,59.04,face_height_mm=51.51; face_width_mm=59.04,Diamond Studded,"256,290.00","https://kinclimg1.bluestone.com/f_jpg,c_scale,w_1024,b_rgb:f0f0f0/giproduct/BINK0363B03_YAA18DIG6XXXXXXXX_ABCD00-PICS-00002-1024-20291.png",https://www.bluestone.com/bangles/the-skein-bangle~27491.html,https://www.bluestone.com/bangles/the-skein-bangle~27491.html,,ProductImages/seo images/Bangles/The Skein Bangle.png
BINK0363H03,The Skein Hoop Earrings,Female,Earrings,17.95,6.16,face_height_mm=17.95; face_width_mm=6.16,Diamond Studded,"78,769.00","https://kinclimg7.bluestone.com/f_jpg,c_scale,w_1024,b_rgb:f0f0f0/giproduct/BINK0363H03_YAA18DIG6XXXXXXXX_ABCD00-PICS-00004-1024-78023.png",https://www.bluestone.com/earrings/the-skein-hoop-earrings~27215.html,https://www.bluestone.com/earrings/the-skein-hoop-earrings~27215.html,,ProductImages/seo images/Earrings/The Skein Hoop Earrings.png
BINS0639R11,The Haily Ring,Female,Rings,21.96,14.64,face_height_mm=21.96; face_width_mm=14.64,Plain Gold,"115,012.00","https://kinclimg0.bluestone.com/f_jpg,c_scale,w_1024,b_rgb:f0f0f0/giproduct/BINS0639R11_YAA22XXXXXXXXXXXX_ABCD00-PICS-00001-1024-65665.png",https://www.bluestone.com/rings/the-haily-ring~64366.html,https://www.bluestone.com/rings/the-haily-ring~64366.html,,ProductImages/seo images/Rings/The Haily Ring.png
BINS0639R18,The Gigi Ring,Female,Rings,23,16.12,face_height_mm=23.0; face_width_mm=16.12,Diamond Studded,"172,687.00","https://kinclimg4.bluestone.com/f_jpg,c_scale,w_1024,b_rgb:f0f0f0/giproduct/BINS0639R18_YAA18DIG6XXXXXXXX_ABCD00-PICS-00001-1024-71114.png",https://www.bluestone.com/rings/the-gigi-ring~64382.html,https://www.bluestone.com/rings/the-gigi-ring~64382.html,,ProductImages/seo images/Rings/The Gigi Ring.png
BINS0780C08,The Ninetta Mangalsutra Necklace,Female,Mangalsutra Chains,9.84,9.84,face_height_mm=9.84; face_width_mm=9.84,Diamond Studded,"113,390.00","https://kinclimg7.bluestone.com/f_jpg,c_scale,w_1024,b_rgb:f0f0f0/giproduct/BINS0780C08_YAA18DIG6XXXXXXXX_ABCD00-PICS-00004-1024-71667.png",https://www.bluestone.com/mangalsutra+chains/the-ninetta-mangalsutra-necklace~97026.html,https://www.bluestone.com/mangalsutra+chains/the-ninetta-mangalsutra-necklace~97026.html,,ProductImages/seo images/Mangalsutra Chains/The Ninetta Mangalsutra Necklace.png
BIPM0001H28,The Rohal Huggie Earrings,Female,Earrings,16,4.8,face_height_mm=16.0; face_width_mm=4.8,Diamond Studded,"76,004.00","https://kinclimg5.bluestone.com/f_jpg,c_scale,w_1024,b_rgb:f0f0f0/giproduct/BIPM0001H28_YAA18DIG6SYEMXXXX_ABCD00-PICS-00004-1024-79820.png",https://www.bluestone.com/earrings/the-rohal-huggie-earrings~21864.html,https://www.bluestone.com/earrings/the-rohal-huggie-earrings~21864.html,,ProductImages/seo images/Earrings/The Rohal Huggie Earrings.png
BIPM0017R18,The Malibu Ring,Female,Rings,21.59,8.32,face_height_mm=21.59; face_width_mm=8.32,Diamond Studded,"165,917.00","https://kinclimg4.bluestone.com/f_jpg,c_scale,w_1024,b_rgb:f0f0f0/giproduct/BIPM0017R18_WAA18DIG6XXXXXXXX_ABCD00-PICS-00001-1024-71112.png",https://www.bluestone.com/rings/the-malibu-ring~2321.html,https://www.bluestone.com/rings/the-malibu-ring~2321.html,,ProductImages/seo images/Rings/The Malibu Ring.png
BIPN0818A41,The Zamen Nazariya Anklet,Female,Anklets,230,8.27,"length_mm=230.0; cross_section_or_width_mm=8.27; use width for worn-scale, length as bracelet span",Gemstone Studded,"39,247.00","https://kinclimg0.bluestone.com/f_jpg,c_scale,w_1024,b_rgb:f0f0f0/giproduct/BIPN0818A41_YAA18BEEYXXXXXXXX_ABCD00-PICS-00000-1024-81499.png",https://www.bluestone.com/anklets/the-zamen-nazariya-anklet~108030.html,https://www.bluestone.com/anklets/the-zamen-nazariya-anklet~108030.html,,ProductImages/seo images/Anklets/The Zamen Nazariya Anklet.png
BIPN0880H218,The Nettile Huggie Earrings,Female,Earrings,14.39,7.8,face_height_mm=14.39; face_width_mm=7.8,Diamond Studded,"191,169.00","https://kinclimg9.bluestone.com/f_jpg,c_scale,w_1024,b_rgb:f0f0f0/giproduct/BIPN0880H218_RAA18DIG6XXXXXXXX_ABCD00-PICS-00004-1024-80183.png",https://www.bluestone.com/earrings/the-nettile-huggie-earrings~108215.html,https://www.bluestone.com/earrings/the-nettile-huggie-earrings~108215.html,,ProductImages/seo images/Earrings/The Nettile Huggie Earrings.png
BIPN0987N07,The Rapett Evil Eye Charm Necklace,Female,Necklaces,18.75,11.52,face_height_mm=18.75; face_width_mm=11.52,Gemstone Studded,"142,406.00","https://kinclimg9.bluestone.com/f_jpg,c_scale,w_1024,b_rgb:f0f0f0/giproduct/BIPN0987N07_YAA18SYBSXXXXXXXX_ABCD00-PICS-00003-1024-79340.png",https://www.bluestone.com/necklaces/the-rapett-evil-eye-charm-necklace~114824.html,https://www.bluestone.com/necklaces/the-rapett-evil-eye-charm-necklace~114824.html,,ProductImages/seo images/Necklaces/The Rapett Evil Eye Charm Necklace.png
BIPO0730V39,The Kricia Charm Bracelet,Female,Bracelets,165.1,12.5,"length_mm=165.1; cross_section_or_width_mm=12.5; use width for worn-scale, length as bracelet span",Diamond Studded,"91,240.00","https://kinclimg1.bluestone.com/f_jpg,c_scale,w_1024,b_rgb:f0f0f0/giproduct/BIPO0730V39_YAA18DIG6SYEMSYBS_ABCD00-PICS-00000-1024-52474.png",https://www.bluestone.com/bracelets/the-kricia-charm-bracelet~75605.html,https://www.bluestone.com/bracelets/the-kricia-charm-bracelet~75605.html,,ProductImages/seo images/Bracelets/The Kricia Charm Bracelet.png
BIPO0770U26,The Ensy Evil Eye Watch Charm,Unisex,Watch Accessory,6,11.4,face_height_mm=6.0; face_width_mm=11.4,Gemstone Studded,"10,326.00","https://kinclimg3.bluestone.com/f_jpg,c_scale,w_1024,b_rgb:f0f0f0/giproduct/BIPO0770U26_YAA14BEEYXXXXXXXX_ABCD00-PICS-00004-1024-85341.png",https://www.bluestone.com/watch+accessory/the-ensy-evil-eye-watch-charm~79539.html,https://www.bluestone.com/watch+accessory/the-ensy-evil-eye-watch-charm~79539.html,,ProductImages/seo images/Watch Accessory/The Ensy Evil Eye Watch Charm.png
BIPO0783P11,The Ixea Evil Eye Pendant,Female,Pendants,11.74,11.74,face_height_mm=11.74; face_width_mm=11.74,Diamond Studded,"18,051.00","https://kinclimg8.bluestone.com/f_jpg,c_scale,w_1024,b_rgb:f0f0f0/giproduct/BIPO0783P11_YAA18DIG6XXXXXXXX_ABCD00-PICS-00004-1024-56793.png",https://www.bluestone.com/pendants/the-ixea-evil-eye-pendant~82777.html,https://www.bluestone.com/pendants/the-ixea-evil-eye-pendant~82777.html,,ProductImages/seo images/Pendants/The Ixea Evil Eye Pendant.png
BIPO0783P12,The Melene Evil Eye Pendant,Female,Pendants,8.18,13.12,face_height_mm=8.18; face_width_mm=13.12,Diamond Studded,"9,508.00","https://kinclimg7.bluestone.com/f_jpg,c_scale,w_1024,b_rgb:f0f0f0/giproduct/BIPO0783P12_YAA14DIG6XXXXXXXX_ABCD00-PICS-00004-1024-56760.png",https://www.bluestone.com/pendants/the-melene-evil-eye-pendant~82769.html,https://www.bluestone.com/pendants/the-melene-evil-eye-pendant~82769.html,,ProductImages/seo images/Pendants/The Melene Evil Eye Pendant.png
BIPO0945V20,The Fonseca Bracelet For Him,Male,Bracelets,11.52,190.5,"length_mm=190.5; cross_section_or_width_mm=11.52; use width for worn-scale, length as bracelet span",Diamond Studded,"646,695.00","https://kinclimg9.bluestone.com/f_jpg,c_scale,w_1024,b_rgb:f0f0f0/giproduct/BIPO0945V20_YAA18DIG6SYSBXXXX_ABCD00-PICS-00000-1024-87481.png",https://www.bluestone.com/bracelets/the-fonseca-bracelet-for-him~116367.html,https://www.bluestone.com/bracelets/the-fonseca-bracelet-for-him~116367.html,,ProductImages/seo images/Bracelets/The Fonseca Bracelet For Him.png
BIPO0945V21,The Amandine Bracelet For Him,Male,Bracelets,177.8,12.37,"length_mm=177.8; cross_section_or_width_mm=12.37; use width for worn-scale, length as bracelet span",Diamond Studded,"598,694.00","https://kinclimg1.bluestone.com/f_jpg,c_scale,w_1024,b_rgb:f0f0f0/giproduct/BIPO0945V21_YAA18DIG6XXXXXXXX_ABCD00-PICS-00000-1024-83427.png",https://www.bluestone.com/bracelets/the-amandine-bracelet-for-him~111826.html,https://www.bluestone.com/bracelets/the-amandine-bracelet-for-him~111826.html,,ProductImages/seo images/Bracelets/The Amandine Bracelet For Him.png
BIPO0987P67,The Serenity Evil Eye Pendant For Him,Male,Pendants,30.87,15.91,face_height_mm=30.87; face_width_mm=15.91,Diamond Studded,"146,781.00","https://kinclimg8.bluestone.com/f_jpg,c_scale,w_1024,b_rgb:f0f0f0/giproduct/BIPO0987P67_YAA18DIG6SYBSXXXX_ABCD00-PICS-00004-1024-90209.png",https://www.bluestone.com/pendants/the-serenity-evil-eye-pendant-for-him~115382.html,https://www.bluestone.com/pendants/the-serenity-evil-eye-pendant-for-him~115382.html,,ProductImages/seo images/Pendants/The Serenity Evil Eye Pendant For Him.png
BIPO0987V31,The Tapia Chain Bracelet,Female,Bracelets,9.6,177.8,"length_mm=177.8; cross_section_or_width_mm=9.6; use width for worn-scale, length as bracelet span",Diamond Studded,"165,552.00","https://kinclimg5.bluestone.com/f_jpg,c_scale,w_1024,b_rgb:f0f0f0/giproduct/BIPO0987V31_YAA18DIG6XXXXXXXX_ABCD00-PICS-00000-1024-79780.png",https://www.bluestone.com/bracelets/the-tapia-chain-bracelet~115379.html,https://www.bluestone.com/bracelets/the-tapia-chain-bracelet~115379.html,,ProductImages/seo images/Bracelets/The Tapia Chain Bracelet.png
BIPS0003O06,The Channing Bangle,Female,Bangles,50.9,7.69,face_height_mm=50.9; face_width_mm=7.69,Diamond Studded,"289,871.00","https://kinclimg7.bluestone.com/f_jpg,c_scale,w_1024,b_rgb:f0f0f0/giproduct/BIPS0003O06_YAA18DIG6XXXXXXXX_ABCD00-PICS-00002-1024-21972.png",https://www.bluestone.com/bangles/the-channing-bangle~975.html,https://www.bluestone.com/bangles/the-channing-bangle~975.html,,ProductImages/seo images/Bangles/The Channing Bangle.png
BISA0255D05,The Asya Huggie Earrings,Female,Earrings,19.77,8.47,face_height_mm=19.77; face_width_mm=8.47,Diamond Studded,"42,066.00","https://kinclimg5.bluestone.com/f_jpg,c_scale,w_1024,b_rgb:f0f0f0/giproduct/BISA0255D05_YAA14DIG6PRWHXXXX_ABCD00-PICS-00004-1024-80521.png",https://www.bluestone.com/earrings/the-asya-huggie-earrings~13494.html,https://www.bluestone.com/earrings/the-asya-huggie-earrings~13494.html,,ProductImages/seo images/Earrings/The Asya Huggie Earrings.png
BISE0932R181,The Le Sommet Ring,Female,Rings,21.93,7.95,face_height_mm=21.93; face_width_mm=7.95,Diamond Studded,"119,117.00","https://kinclimg4.bluestone.com/f_jpg,c_scale,w_1024,b_rgb:f0f0f0/giproduct/BISE0932R181_RAA18DIG6XXXXXXXX_ABCD00-PICS-00001-1024-75825.png",https://www.bluestone.com/rings/the-le-sommet-ring~105031.html,https://www.bluestone.com/rings/the-le-sommet-ring~105031.html,,ProductImages/seo images/Rings/The Le Sommet Ring.png
BISE0987F55,The Keeper Multiwearable Charm,Female,Charms,7.58,7.58,face_height_mm=7.58; face_width_mm=7.58,Diamond Studded,"20,377.00","https://kinclimg8.bluestone.com/f_jpg,c_scale,w_1024,b_rgb:f0f0f0/giproduct/BISE0987F55_YAA14DIG6SYSBSYBS_ABCD00-PICS-00004-1024-78990.png",https://www.bluestone.com/charms/the-keeper-multiwearable-charm~114378.html,https://www.bluestone.com/charms/the-keeper-multiwearable-charm~114378.html,,ProductImages/seo images/Charms/The Keeper Multiwearable Charm.png
BISE0987P01,The Protecteur Evil Eye Pendant,Female,Pendants,22.33,14.46,face_height_mm=22.33; face_width_mm=14.46,Diamond Studded,"58,831.00","https://kinclimg7.bluestone.com/f_jpg,c_scale,w_1024,b_rgb:f0f0f0/giproduct/BISE0987P01_YAA18DIG6BLTOSIG7_ABCD00-PICS-00004-1024-78991.png",https://www.bluestone.com/pendants/the-protecteur-evil-eye-pendant~114379.html,https://www.bluestone.com/pendants/the-protecteur-evil-eye-pendant~114379.html,,ProductImages/seo images/Pendants/The Protecteur Evil Eye Pendant.png
BISL0804O13,The Pear Evil Eye Toggle Bangle,Female,Bangles,57.18,9.57,face_height_mm=57.18; face_width_mm=9.57,Diamond Studded,"113,030.00","https://kinclimg9.bluestone.com/f_jpg,c_scale,w_1024,b_rgb:f0f0f0/giproduct/BISL0804O13_RAA18DIG6XXXXXXXX_ABCD00-PICS-00002-1024-60786.png",https://www.bluestone.com/bangles/the-pear-evil-eye-toggle-bangle~87037.html,https://www.bluestone.com/bangles/the-pear-evil-eye-toggle-bangle~87037.html,,ProductImages/seo images/Bangles/The Pear Evil Eye Toggle Bangle.png
BISL0819N09,The Yfel Evil Eye Pendant Necklace,Female,Necklaces,28.5,,height_mm=28.5; width_mm=missing,Diamond Studded,"72,212.00","https://kinclimg3.bluestone.com/f_jpg,c_scale,w_1024,b_rgb:f0f0f0/giproduct/BISL0819N09_YAA18DIG6BEEYXXXX_ABCD00-PICS-00003-1024-61162.png",https://www.bluestone.com/necklaces/the-yfel-evil-eye-pendant-necklace~89724.html,https://www.bluestone.com/necklaces/the-yfel-evil-eye-pendant-necklace~89724.html,,ProductImages/seo images/Necklaces/The Yfel Evil Eye Pendant Necklace.png
BISL0851R28,The Jasper Band For Him,Male,Rings,24.11,11.92,face_height_mm=24.11; face_width_mm=11.92,Plain Gold,"141,595.00","https://kinclimg0.bluestone.com/f_jpg,c_scale,w_1024,b_rgb:f0f0f0/giproduct/BISL0851R28_YAA22XXXXXXXXXXXX_ABCD00-PICS-00001-1024-70393.png",https://www.bluestone.com/rings/the-jasper-band-for-him~93964.html,https://www.bluestone.com/rings/the-jasper-band-for-him~93964.html,,ProductImages/seo images/Rings/The Jasper Band For Him.png
BISL0987V71,The Elize Evil Eye Bracelet,Female,Bracelets,15.12,177.8,"length_mm=177.8; cross_section_or_width_mm=15.12; use width for worn-scale, length as bracelet span",Diamond Studded,"124,450.00","https://kinclimg1.bluestone.com/f_jpg,c_scale,w_1024,b_rgb:f0f0f0/giproduct/BISL0987V71_YAA18DIG6XXXXXXXX_ABCD00-PICS-00000-1024-89884.png",https://www.bluestone.com/bracelets/the-elize-evil-eye-bracelet~121012.html,https://www.bluestone.com/bracelets/the-elize-evil-eye-bracelet~121012.html,,ProductImages/seo images/Bracelets/The Elize Evil Eye Bracelet.png
BISL1006V249,The Kilxer Link Bracelet For Him,Male,Bracelets,13.2,12.63,face_height_mm=13.2; face_width_mm=12.63,Plain Gold,"469,372.00","https://kinclimg2.bluestone.com/f_jpg,c_scale,w_1024,b_rgb:f0f0f0/giproduct/BISL1006V249_WAA18XXXXXXXXXXXX_ABCD00-PICS-00000-1024-108063.png",https://www.bluestone.com/bracelets/the-kilxer-link-bracelet-for-him~163433.html,https://www.bluestone.com/bracelets/the-kilxer-link-bracelet-for-him~163433.html,,ProductImages/seo images/Bracelets/The Kilxer Link Bracelet For Him.png
BISL1006V287,The Volara Bracelet For Him,Male,Bracelets,13.2,12.63,face_height_mm=13.2; face_width_mm=12.63,Diamond Studded,"935,891.00","https://kinclimg0.bluestone.com/f_jpg,c_scale,w_1024,b_rgb:f0f0f0/giproduct/BISL1006V287_YAA18DIG6XXXXXXXX_ABCD00-PICS-00000-1024-104117.png",https://www.bluestone.com/bracelets/the-volara-bracelet-for-him~163432.html,https://www.bluestone.com/bracelets/the-volara-bracelet-for-him~163432.html,,ProductImages/seo images/Bracelets/The Volara Bracelet For Him.png
BISM0003O14,The Muricelle Bangle,Female,Bangles,52.03,14.3,face_height_mm=52.03; face_width_mm=14.3,Diamond Studded,"317,405.00","https://kinclimg2.bluestone.com/f_jpg,c_scale,w_1024,b_rgb:f0f0f0/giproduct/BISM0003O14_YAA18DIG6XXXXXXXX_ABCD00-PICS-00002-1024-62802.png",https://www.bluestone.com/bangles/the-muricelle-bangle~1001.html,https://www.bluestone.com/bangles/the-muricelle-bangle~1001.html,,ProductImages/seo images/Bangles/The Muricelle Bangle.png
BISP0427H21,The Ursa Hoop Earrings,Female,Earrings,16.14,10.07,face_height_mm=16.14; face_width_mm=10.07,Diamond Studded,"87,489.00","https://kinclimg1.bluestone.com/f_jpg,c_scale,w_1024,b_rgb:f0f0f0/giproduct/BISP0427H21_YAA18DIG6XXXXXXXX_ABCD00-PICS-00004-1024-78187.png",https://www.bluestone.com/earrings/the-ursa-hoop-earrings~35069.html,https://www.bluestone.com/earrings/the-ursa-hoop-earrings~35069.html,,ProductImages/seo images/Earrings/The Ursa Hoop Earrings.png
BISP0506C05,The Aarabhi Mangalsutra,Female,Mangalsutra Chains,233,177,face_height_mm=233.0; face_width_mm=177.0,Diamond Studded,"121,732.00","https://kinclimg5.bluestone.com/f_jpg,c_scale,w_1024,b_rgb:f0f0f0/giproduct/BISP0506C05_YAA18DIG6XXXXXXXX_ABCD00-PICS-00004-1024-38027.png",https://www.bluestone.com/mangalsutra+chains/the-aarabhi-mangalsutra~46940.html,https://www.bluestone.com/mangalsutra+chains/the-aarabhi-mangalsutra~46940.html,,ProductImages/seo images/Mangalsutra Chains/The Aarabhi Mangalsutra.png
BISP0514C09,The Eirini Mangalsutra,Female,Mangalsutra Chains,189,177,face_height_mm=189.0; face_width_mm=177.0,Diamond Studded,"132,280.00","https://kinclimg4.bluestone.com/f_jpg,c_scale,w_1024,b_rgb:f0f0f0/giproduct/BISP0514C09_YAA18DIG6XXXXXXXX_ABCD00-PICS-00004-1024-41809.png",https://www.bluestone.com/mangalsutra+chains/the-eirini-mangalsutra~53179.html,https://www.bluestone.com/mangalsutra+chains/the-eirini-mangalsutra~53179.html,,ProductImages/seo images/Mangalsutra Chains/The Eirini Mangalsutra.png
BISV0910R24,The Interlink Band Ring,Male,Rings,25.41,9.49,face_height_mm=25.41; face_width_mm=9.49,Diamond Studded,"179,763.00","https://kinclimg0.bluestone.com/f_jpg,c_scale,w_1024,b_rgb:f0f0f0/giproduct/BISV0910R24_YAA18DIG6XXXXXXXX_ABCD00-PICS-00001-1024-79454.png",https://www.bluestone.com/rings/the-interlink-band-ring~108785.html,https://www.bluestone.com/rings/the-interlink-band-ring~108785.html,,ProductImages/seo images/Rings/The Interlink Band Ring.png
BISV0910V12,The Bandhan Bracelet For Him,Male,Bracelets,177.8,11.94,"length_mm=177.8; cross_section_or_width_mm=11.94; use width for worn-scale, length as bracelet span",Diamond Studded,"809,508.00","https://kinclimg6.bluestone.com/f_jpg,c_scale,w_1024,b_rgb:f0f0f0/giproduct/BISV0910V12_YAA18DIG6XXXXXXXX_ABCD00-PICS-00000-1024-99180.png",https://www.bluestone.com/bracelets/the-bandhan-bracelet-for-him~112002.html,https://www.bluestone.com/bracelets/the-bandhan-bracelet-for-him~112002.html,,ProductImages/seo images/Bracelets/The Bandhan Bracelet For Him.png
BISV0910V22,The Concatenate Bracelet For Him,Male,Bracelets,203.2,8.5,"length_mm=203.2; cross_section_or_width_mm=8.5; use width for worn-scale, length as bracelet span",Diamond Studded,"452,337.00","https://kinclimg1.bluestone.com/f_jpg,c_scale,w_1024,b_rgb:f0f0f0/giproduct/BISV0910V22_YAA18DIG6XXXXXXXX_ABCD00-PICS-00000-1024-81503.png",https://www.bluestone.com/bracelets/the-concatenate-bracelet-for-him~109542.html,https://www.bluestone.com/bracelets/the-concatenate-bracelet-for-him~109542.html,,ProductImages/seo images/Bracelets/The Concatenate Bracelet For Him.png
BISV0910V26,The Network Link Bracelet,Male,Bracelets,203.2,8.54,"length_mm=203.2; cross_section_or_width_mm=8.54; use width for worn-scale, length as bracelet span",Diamond Studded,"675,420.00","https://kinclimg3.bluestone.com/f_jpg,c_scale,w_1024,b_rgb:f0f0f0/giproduct/BISV0910V26_YAA18DIG6XXXXXXXX_ABCD00-PICS-00000-1024-82467.png",https://www.bluestone.com/bracelets/the-network-link-bracelet~108784.html,https://www.bluestone.com/bracelets/the-network-link-bracelet~108784.html,,ProductImages/seo images/Bracelets/The Network Link Bracelet.png
BISW1080P131,The Thaloria Pendant,Female,Pendants,36.91,25.28,face_height_mm=36.91; face_width_mm=25.28,Diamond Studded,"114,791.00","https://kinclimg7.bluestone.com/f_jpg,c_scale,w_1024,b_rgb:f0f0f0/giproduct/BISW1080P131_RAA18DIG4SYTZSURL_ABCD00-PICS-00004-1024-113000.png",https://www.bluestone.com/pendants/the-thaloria-pendant~165041.html,https://www.bluestone.com/pendants/the-thaloria-pendant~165041.html,,ProductImages/seo images/Pendants/The Thaloria Pendant.png
BISW1080P132,The Sarvanya Pendant,Female,Pendants,33.35,23.79,face_height_mm=33.35; face_width_mm=23.79,Diamond Studded,"106,868.00","https://kinclimg9.bluestone.com/f_jpg,c_scale,w_1024,b_rgb:f0f0f0/giproduct/BISW1080P132_WAA18DIG4LNBTXXXX_ABCD00-PICS-00004-1024-104460.png",https://www.bluestone.com/pendants/the-sarvanya-pendant~156927.html,https://www.bluestone.com/pendants/the-sarvanya-pendant~156927.html,,ProductImages/seo images/Pendants/The Sarvanya Pendant.png
BISW1080P133,The Lumeelle Cluster Pendant,Female,Pendants,32.66,32.66,face_height_mm=32.66; face_width_mm=32.66,Diamond Studded,"227,184.00","https://kinclimg8.bluestone.com/f_jpg,c_scale,w_1024,b_rgb:f0f0f0/giproduct/BISW1080P133_RAA18DIG4SYEMXXXX_ABCD00-PICS-00004-1024-114851.png",https://www.bluestone.com/pendants/the-lumeelle-cluster-pendant~162509.html,https://www.bluestone.com/pendants/the-lumeelle-cluster-pendant~162509.html,,ProductImages/seo images/Pendants/The Lumeelle Cluster Pendant.png
BISW1080P246,The Xarvithis Pendant,Female,Pendants,20.5,14.3,face_height_mm=20.5; face_width_mm=14.3,Diamond Studded,"66,842.00","https://kinclimg7.bluestone.com/f_jpg,c_scale,w_1024,b_rgb:f0f0f0/giproduct/BISW1080P246_RAA18DIG6XXXXXXXX_ABCD00-PICS-00004-1024-103903.png",https://www.bluestone.com/pendants/the-xarvithis-pendant~156920.html,https://www.bluestone.com/pendants/the-xarvithis-pendant~156920.html,,ProductImages/seo images/Pendants/The Xarvithis Pendant.png
BISW1080P28,The Thyvarne Pendant,Female,Pendants,17.5,17.5,face_height_mm=17.5; face_width_mm=17.5,Diamond Studded,"74,007.00","https://kinclimg3.bluestone.com/f_jpg,c_scale,w_1024,b_rgb:f0f0f0/giproduct/BISW1080P28_RAA18DIG6MALAXXXX_ABCD00-PICS-00004-1024-114065.png",https://www.bluestone.com/pendants/the-thyvarne-pendant~173761.html,https://www.bluestone.com/pendants/the-thyvarne-pendant~173761.html,,ProductImages/seo images/Pendants/The Thyvarne Pendant.png
BISW1080P32,The Teshvarya Pendant,Female,Pendants,22.56,22.56,face_height_mm=22.56; face_width_mm=22.56,Diamond Studded,"126,490.00","https://kinclimg6.bluestone.com/f_jpg,c_scale,w_1024,b_rgb:f0f0f0/giproduct/BISW1080P32_RAA18DIG6XXXXXXXX_ABCD00-PICS-00004-1024-116053.png",https://www.bluestone.com/pendants/the-teshvarya-pendant~173771.html,https://www.bluestone.com/pendants/the-teshvarya-pendant~173771.html,,ProductImages/seo images/Pendants/The Teshvarya Pendant.png
BVEM0663C65,The Chevalier Gold Chain,Male,Chains,5.11,3.76,face_height_mm=5.11; face_width_mm=3.76,Plain Gold,"118,179.00","https://kinclimg7.bluestone.com/f_jpg,c_scale,w_1024,b_rgb:f0f0f0/giproduct/BVEM0663C65_YAA18XXXXXXXXXXXX_ABCD00-PICS-00003-1024-86476.png",https://www.bluestone.com/chains/the-chevalier-gold-chain~124914.html,https://www.bluestone.com/chains/the-chevalier-gold-chain~124914.html,,ProductImages/seo images/Chains/The Chevalier Gold Chain.png
BVEM0663C88,The Tetyana Gold Chain,Male,Chains,5.81,4.53,face_height_mm=5.81; face_width_mm=4.53,Plain Gold,"409,142.00","https://kinclimg5.bluestone.com/f_jpg,c_scale,w_1024,b_rgb:f0f0f0/giproduct/BVEM0663C88_YAA22XXXXXXXXXXXX_ABCD00-PICS-00003-1024-99995.png",https://www.bluestone.com/chains/the-tetyana-gold-chain~124927.html,https://www.bluestone.com/chains/the-tetyana-gold-chain~124927.html,,ProductImages/seo images/Chains/The Tetyana Gold Chain.png
BVPJ0935C06,The Shubhlatika Mangalsutra Necklace,Female,Mangalsutra Chains,5.2,19.5,face_height_mm=5.2; face_width_mm=19.5,Diamond Studded,"145,155.00","https://kinclimg7.bluestone.com/f_jpg,c_scale,w_1024,b_rgb:f0f0f0/giproduct/BVPJ0935C06_YAA18DIG6XXXXXXXX_ABCD00-PICS-00004-1024-109315.png",https://www.bluestone.com/mangalsutra+chains/the-shubhlatika-mangalsutra-necklace~146084.html,https://www.bluestone.com/mangalsutra+chains/the-shubhlatika-mangalsutra-necklace~146084.html,,ProductImages/seo images/Mangalsutra Chains/The Shubhlatika Mangalsutra Necklace.png
