design_name,design_code,DesignCategory,GenderTag,height,width,designPageURL,design_sizes
The Valeria Rose Pendant,BIHS1145P21,Pendants,Female,21,15.1,https://www.bluestone.com/pendants/the-valeria-rose-pendant~181266.html,
The Winkoo Kids Evil Eye Bracelet,BIEK1005V227,Kids Bracelets,Kids,8,8,https://www.bluestone.com/kids+bracelets/the-winkoo-kids-evil-eye-bracelet~181193.html,
The Teshvarya Pendant,BISW1080P32,Pendants,Female,22.56,22.56,https://www.bluestone.com/pendants/the-teshvarya-pendant~173771.html,
The Thyvarne Pendant,BISW1080P28,Pendants,Female,17.5,17.5,https://www.bluestone.com/pendants/the-thyvarne-pendant~173761.html,
The Novare Evil Eye Kids Nazariya Bracelet,BIAV1005V201,Kids Bracelets,Kids,6,127,https://www.bluestone.com/kids+bracelets/the-novare-evil-eye-kids-nazariya-bracelet~173235.html,
The Ruan Cuban Diamond Chain,BIAV1037C17,Chains,Male,6.42,2.25,https://www.bluestone.com/chains/the-ruan-cuban-diamond-chain~165221.html,
The Thaloria Pendant,BISW1080P131,Pendants,Female,36.91,25.28,https://www.bluestone.com/pendants/the-thaloria-pendant~165041.html,
The Kilxer Link Bracelet For Him,BISL1006V249,Bracelets,Male,13.2,12.63,https://www.bluestone.com/bracelets/the-kilxer-link-bracelet-for-him~163433.html,
The Volara Bracelet For Him,BISL1006V287,Bracelets,Male,13.2,12.63,https://www.bluestone.com/bracelets/the-volara-bracelet-for-him~163432.html,
The Yeijah Mangaslsutra Necklace,BIMA1081C01,Mangalsutra Chains,Female,11.9,11.9,https://www.bluestone.com/mangalsutra+chains/the-yeijah-mangaslsutra-necklace~163411.html,
The Lumeelle Cluster Pendant,BISW1080P133,Pendants,Female,32.66,32.66,https://www.bluestone.com/pendants/the-lumeelle-cluster-pendant~162509.html,
The Sarvanya Pendant,BISW1080P132,Pendants,Female,33.35,23.79,https://www.bluestone.com/pendants/the-sarvanya-pendant~156927.html,
The Xarvithis Pendant,BISW1080P246,Pendants,Female,20.5,14.3,https://www.bluestone.com/pendants/the-xarvithis-pendant~156920.html,
The Shubhlatika Mangalsutra Necklace,BVPJ0935C06,Mangalsutra Chains,Female,5.2,19.5,https://www.bluestone.com/mangalsutra+chains/the-shubhlatika-mangalsutra-necklace~146084.html,
The Yuthika Highway Ring,BIJP0992R60,Rings,Female,22.62,15.07,https://www.bluestone.com/rings/the-yuthika-highway-ring~131078.html,
The Tetyana Gold Chain,BVEM0663C88,Chains,Male,5.81,4.53,https://www.bluestone.com/chains/the-tetyana-gold-chain~124927.html,
The Chevalier Gold Chain,BVEM0663C65,Chains,Male,5.11,3.76,https://www.bluestone.com/chains/the-chevalier-gold-chain~124914.html,
The Viperine Twist Ring,BIJP0993R123,Rings,Female,22.21,9.68,https://www.bluestone.com/rings/the-viperine-twist-ring~124507.html,
The Luvee Highway Ring,BIKR0993R117,Rings,Female,20.94,7.38,https://www.bluestone.com/rings/the-luvee-highway-ring~123242.html,
The Elize Evil Eye Bracelet,BISL0987V71,Bracelets,Female,15.12,177.8,https://www.bluestone.com/bracelets/the-elize-evil-eye-bracelet~121012.html,
The Talisman Evil Eye Steel Bracelet,BIKR0987V33,Adjustable Bracelets,Male,10.8,18.61,https://www.bluestone.com/adjustable+bracelets/the-talisman-evil-eye-steel-bracelet~116807.html,
The Ailia Evil Eye Layered Necklace,BIAV0987N78,Necklaces,Female,7.45,7.45,https://www.bluestone.com/necklaces/the-ailia-evil-eye-layered-necklace~116379.html,
The Fonseca Bracelet For Him,BIPO0945V20,Bracelets,Male,11.52,190.5,https://www.bluestone.com/bracelets/the-fonseca-bracelet-for-him~116367.html,
The Talisman Evil Eye Pendant For Him,BIKR0987P33,Pendants,Male,38.3,19.73,https://www.bluestone.com/pendants/the-talisman-evil-eye-pendant-for-him~115385.html,
The Serenity Evil Eye Pendant For Him,BIPO0987P67,Pendants,Male,30.87,15.91,https://www.bluestone.com/pendants/the-serenity-evil-eye-pendant-for-him~115382.html,
The Tapia Chain Bracelet,BIPO0987V31,Bracelets,Female,9.6,177.8,https://www.bluestone.com/bracelets/the-tapia-chain-bracelet~115379.html,
The Rapett Evil Eye Charm Necklace,BIPN0987N07,Necklaces,Female,18.75,11.52,https://www.bluestone.com/necklaces/the-rapett-evil-eye-charm-necklace~114824.html,
The Protector Evil Eye Rakhi,BIHM1002V07,Adjustable Bracelets,Male,9.8,10.21,https://www.bluestone.com/adjustable+bracelets/the-protector-evil-eye-rakhi~114521.html,
The Protecteur Evil Eye Pendant,BISE0987P01,Pendants,Female,22.33,14.46,https://www.bluestone.com/pendants/the-protecteur-evil-eye-pendant~114379.html,
The Keeper Multiwearable Charm,BISE0987F55,Charms,Female,7.58,7.58,https://www.bluestone.com/charms/the-keeper-multiwearable-charm~114378.html,
The Bandhan Bracelet For Him,BISV0910V12,Bracelets,Male,177.8,11.94,https://www.bluestone.com/bracelets/the-bandhan-bracelet-for-him~112002.html,
The Amandine Bracelet For Him,BIPO0945V21,Bracelets,Male,177.8,12.37,https://www.bluestone.com/bracelets/the-amandine-bracelet-for-him~111826.html,
The Concatenate Bracelet For Him,BISV0910V22,Bracelets,Male,203.2,8.5,https://www.bluestone.com/bracelets/the-concatenate-bracelet-for-him~109542.html,
The Interlink Band Ring,BISV0910R24,Rings,Male,25.41,9.49,https://www.bluestone.com/rings/the-interlink-band-ring~108785.html,
The Network Link Bracelet,BISV0910V26,Bracelets,Male,203.2,8.54,https://www.bluestone.com/bracelets/the-network-link-bracelet~108784.html,
The Nettile Huggie Earrings,BIPN0880H218,Earrings,Female,14.39,7.8,https://www.bluestone.com/earrings/the-nettile-huggie-earrings~108215.html,
The Zamen Nazariya Anklet,BIPN0818A41,Anklets,Female,230,8.27,https://www.bluestone.com/anklets/the-zamen-nazariya-anklet~108030.html,
The Le Sommet Ring,BISE0932R181,Rings,Female,21.93,7.95,https://www.bluestone.com/rings/the-le-sommet-ring~105031.html,
The Pervinca Charm Holder Bracelet,BIAV0865V24,Bracelets,Female,177.8,4.67,https://www.bluestone.com/bracelets/the-pervinca-charm-holder-bracelet~103133.html,
The Ninetta Mangalsutra Necklace,BINS0780C08,Mangalsutra Chains,Female,9.84,9.84,https://www.bluestone.com/mangalsutra+chains/the-ninetta-mangalsutra-necklace~97026.html,
The Malocchio Charm Holder Bracelet,BIAV0865V25,Bracelets,Female,177.8,6.36,https://www.bluestone.com/bracelets/the-malocchio-charm-holder-bracelet~95653.html,
The Jasper Band For Him,BISL0851R28,Rings,Male,24.11,11.92,https://www.bluestone.com/rings/the-jasper-band-for-him~93964.html,
The Casma Mangalsutra,BIMA0780C53,Mangalsutra Chains,Female,14.13,15.18,https://www.bluestone.com/mangalsutra+chains/the-casma-mangalsutra~93030.html,
The Yfel Evil Eye Pendant Necklace,BISL0819N09,Necklaces,Female,28.5,,https://www.bluestone.com/necklaces/the-yfel-evil-eye-pendant-necklace~89724.html,
The Pear Evil Eye Toggle Bangle,BISL0804O13,Bangles,Female,57.18,9.57,https://www.bluestone.com/bangles/the-pear-evil-eye-toggle-bangle~87037.html,
The Ixea Evil Eye Pendant,BIPO0783P11,Pendants,Female,11.74,11.74,https://www.bluestone.com/pendants/the-ixea-evil-eye-pendant~82777.html,
The Melene Evil Eye Pendant,BIPO0783P12,Pendants,Female,8.18,13.12,https://www.bluestone.com/pendants/the-melene-evil-eye-pendant~82769.html,
The Yosni Mangalsutra,BIMA0780C29,Mangalsutra Chains,Female,166,128,https://www.bluestone.com/mangalsutra+chains/the-yosni-mangalsutra~81520.html,
The Ensy Evil Eye Watch Charm,BIPO0770U26,Watch Accessory,Unisex,6,11.4,https://www.bluestone.com/watch+accessory/the-ensy-evil-eye-watch-charm~79539.html,
The Kricia Charm Bracelet,BIPO0730V39,Bracelets,Female,165.1,12.5,https://www.bluestone.com/bracelets/the-kricia-charm-bracelet~75605.html,
The Faliha Purse Hoop Earrings,BIJP0686H03,Earrings,Female,13.86,13.12,https://www.bluestone.com/earrings/the-faliha-purse-hoop-earrings~73262.html,
The Gigi Ring,BINS0639R18,Rings,Female,23,16.12,https://www.bluestone.com/rings/the-gigi-ring~64382.html,
The Haily Ring,BINS0639R11,Rings,Female,21.96,14.64,https://www.bluestone.com/rings/the-haily-ring~64366.html,
The Shining Star Bracelet,BIMG0635V45,Bracelets,Female,9.5,152.4,https://www.bluestone.com/bracelets/the-shining-star-bracelet~63731.html,
The Quinn Ring,BIAR0097R16,Rings,Female,21.6,7.84,https://www.bluestone.com/rings/the-quinn-ring~57845.html,
The Aagarna Pendant,BIIP0550P16,Pendants,Female,20.31,13.41,https://www.bluestone.com/pendants/the-aagarna-pendant~54965.html,
The Rafia Ring,BIAB0503R03,Rings,Female,20.92,9.23,https://www.bluestone.com/rings/the-rafia-ring~53638.html,
The Eirini Mangalsutra,BISP0514C09,Mangalsutra Chains,Female,189,177,https://www.bluestone.com/mangalsutra+chains/the-eirini-mangalsutra~53179.html,
The Aarabhi Mangalsutra,BISP0506C05,Mangalsutra Chains,Female,233,177,https://www.bluestone.com/mangalsutra+chains/the-aarabhi-mangalsutra~46940.html,
The Vicky Hoop Earrings,BIIP0427H16,Earrings,Female,14.75,6.04,https://www.bluestone.com/earrings/the-vicky-hoop-earrings~35071.html,
The Ursa Hoop Earrings,BISP0427H21,Earrings,Female,16.14,10.07,https://www.bluestone.com/earrings/the-ursa-hoop-earrings~35069.html,
The Estrella Oval Bangle,BIDG0393O37,Bangles,Female,50.19,7.1,https://www.bluestone.com/bangles/the-estrella-oval-bangle~34771.html,
The Tarentella Oval Bangle,BENS0325O09,Bangles,Female,60.62,12.9,https://www.bluestone.com/bangles/the-tarentella-oval-bangle~31547.html,
The Skein Bangle,BINK0363B03,Bangles,Female,51.51,59.04,https://www.bluestone.com/bangles/the-skein-bangle~27491.html,
The Skein Hoop Earrings,BINK0363H03,Earrings,Female,17.95,6.16,https://www.bluestone.com/earrings/the-skein-hoop-earrings~27215.html,
The Rohal Huggie Earrings,BIPM0001H28,Earrings,Female,16,4.8,https://www.bluestone.com/earrings/the-rohal-huggie-earrings~21864.html,
The Aleena Huggie Earrings,BIIP0279S08,Earrings,Female,17.23,9.5,https://www.bluestone.com/earrings/the-aleena-huggie-earrings~16735.html,
The Asya Huggie Earrings,BISA0255D05,Earrings,Female,19.77,8.47,https://www.bluestone.com/earrings/the-asya-huggie-earrings~13494.html,
The Ebony Ring,BIIP0090R24,Rings,Female,20.56,18.35,https://www.bluestone.com/rings/the-ebony-ring~9686.html,
The Liza ring,BIAR0097R07,Rings,Female,21.56,7.91,https://www.bluestone.com/rings/the-liza-ring~7623.html,
The Anya Ring,BIAR0097R04,Rings,Female,20.57,6.28,https://www.bluestone.com/rings/the-anya-ring~7515.html,
The Malibu Ring,BIPM0017R18,Rings,Female,21.59,8.32,https://www.bluestone.com/rings/the-malibu-ring~2321.html,
The Muricelle Bangle,BISM0003O14,Bangles,Female,52.03,14.3,https://www.bluestone.com/bangles/the-muricelle-bangle~1001.html,
The Channing Bangle,BIPS0003O06,Bangles,Female,50.9,7.69,https://www.bluestone.com/bangles/the-channing-bangle~975.html,
